Timestamp,CPU Usage (%),Memory Usage (%),Disk Usage (%),Disk Read,Disk Write,Bytes Sent,Bytes Received,Packets Sent,Packets Received,Running Processes,System Uptime,Service Status,Response Time (ms),Health Check,Status
2026-07-14 12:00:04,8.5,68.0,58.5,20403854848,9372457472,49806451,180132350,60547,163547,267,9831,Running,91.3,Healthy,Normal
2026-07-14 12:00:10,4.8,67.9,58.5,20403937280,9373317632,49813346,180134008,60556,163562,268,9837,Running,97.2,Healthy,Normal
2026-07-14 12:00:16,1.3,67.9,58.5,20404023296,9373948416,49850791,180141841,60576,163596,268,9843,Running,96.7,Healthy,Normal
2026-07-14 12:00:22,8.1,68.4,58.5,20404027392,9374472704,49878311,180146977,60601,163628,268,9849,Running,93.4,Healthy,Normal
2026-07-14 12:00:28,3.2,66.1,58.5,20404833280,9377036800,50016324,180373008,60762,163847,267,9855,Running,93.8,Healthy,Normal
2026-07-14 12:00:34,18.8,67.9,58.5,20457276928,9381386752,50037903,180452765,60850,163959,269,9861,Running,86.0,Healthy,Normal
2026-07-14 12:00:40,7.9,68.1,58.5,20470078976,9384380928,50044049,180463800,60869,163974,270,9867,Running,92.5,Healthy,Normal
2026-07-14 12:00:46,9.8,67.9,58.5,20473384960,9387686400,50052078,180475123,60884,163987,272,9873,Running,93.8,Healthy,Normal
2026-07-14 12:00:52,6.4,68.0,58.5,20474302976,9389783552,50052247,180475972,60886,163991,272,9879,Running,94.0,Healthy,Normal
2026-07-14 12:00:58,9.1,68.2,58.5,20477127680,9390893568,50056222,180477392,60892,163997,271,9885,Running,90.6,Healthy,Normal
2026-07-14 12:01:04,7.7,68.2,58.5,20477381632,9391692288,50056284,180477442,60893,163998,271,9891,Running,92.2,Healthy,Normal
2026-07-14 12:01:10,9.4,68.2,58.5,20477643776,9392331264,50060730,180479828,60907,164013,271,9897,Running,91.5,Healthy,Normal
2026-07-14 12:01:16,6.9,68.3,58.5,20477676544,9392790016,50077253,180594761,60978,164088,271,9903,Running,92.4,Healthy,Normal
2026-07-14 12:01:22,6.7,68.3,58.5,20477709312,9393711616,50077395,180595544,60980,164091,271,9909,Running,92.6,Healthy,Normal
2026-07-14 12:01:28,11.2,68.0,58.5,20477934592,9394432512,50077591,180595741,60983,164094,271,9915,Running,90.2,Healthy,Normal
2026-07-14 12:01:34,13.6,68.2,58.5,20487283200,9398450688,50077822,180596634,60986,164099,273,9922,Running,87.5,Healthy,Normal
2026-07-14 12:01:40,11.4,69.2,58.5,20493226496,9417947648,50081260,180610376,60995,164110,272,9928,Running,88.1,Healthy,Normal
2026-07-14 12:01:46,9.2,69.6,58.5,20493545984,9420298752,50081517,180614201,60999,164114,273,9934,Running,90.0,Healthy,Normal
2026-07-14 12:01:52,8.4,69.9,58.6,20496200192,9448909312,50081654,180614393,61001,164117,272,9940,Running,90.8,Healthy,Normal
2026-07-14 12:01:58,9.8,70.5,58.6,20499730944,9472420352,50085460,180625443,61016,164132,272,9946,Running,91.1,Healthy,Normal
2026-07-14 12:02:04,11.6,70.8,58.6,20502182400,9480002048,50098154,180657507,61044,164166,272,9952,Running,89.6,Healthy,Normal
2026-07-14 12:02:10,8.1,71.0,58.6,20503497216,9486449152,50121248,180678698,61084,164213,272,9958,Running,89.4,Healthy,Normal
2026-07-14 12:02:16,11.9,71.0,58.6,20504287744,9489619456,50132533,180691905,61099,164226,272,9964,Running,91.0,Healthy,Normal
2026-07-14 12:02:23,9.3,70.9,58.6,20506696704,9500834304,50132620,180692708,61100,164230,272,9970,Running,91.0,Healthy,Normal
2026-07-14 12:02:29,8.3,71.1,58.6,20509580288,9515907584,50132893,180693647,61103,164235,273,9976,Running,87.9,Healthy,Normal
2026-07-14 12:02:35,7.4,71.2,58.6,20510870528,9522633216,50168697,180732562,61157,164298,272,9982,Running,90.8,Healthy,Normal
2026-07-14 12:02:41,10.3,71.0,58.6,20511394816,9527302656,50176981,180734321,61172,164312,272,9988,Running,90.2,Healthy,Normal
2026-07-14 12:02:47,6.6,71.1,58.6,20525550592,9564625408,50177455,180735363,61177,164319,271,9994,Running,90.8,Healthy,Normal
2026-07-14 12:02:53,6.8,71.1,58.6,20575734784,9693182464,50182359,180740332,61184,164327,271,10000,Running,92.8,Healthy,Normal
2026-07-14 12:02:59,80.8,77.5,58.7,21044311040,9748356608,50472817,181480965,62020,165265,298,10006,Running,64.1,Healthy,Normal
2026-07-14 12:03:05,37.3,78.3,58.7,21097863168,9818877440,50819283,185380926,63273,168538,294,10012,Running,72.6,Healthy,Normal
2026-07-14 12:03:11,14.5,78.8,58.7,21118769152,9868697088,51223231,187797345,63954,170073,295,10018,Running,79.5,Healthy,Normal
2026-07-14 12:03:17,12.2,78.7,58.7,21129206784,9926532608,51438420,188508869,64291,170642,297,10024,Running,83.5,Healthy,Normal
2026-07-14 12:03:23,15.0,78.9,58.7,21203448320,9968127488,51650478,191093584,64721,171398,295,10030,Running,82.8,Healthy,Normal
2026-07-14 12:03:29,69.0,76.8,58.7,21274157056,10010143232,51924028,191884590,65481,172253,296,10036,Running,64.0,Healthy,Normal
2026-07-14 12:03:35,21.4,77.9,58.7,21282159104,10034736640,52362238,193940335,66357,173489,293,10042,Running,70.7,Healthy,Normal
2026-07-14 12:03:41,25.6,77.8,58.7,21285648896,10053930496,52601836,194592206,66690,174020,293,10049,Running,80.9,Healthy,Normal
2026-07-14 12:03:47,10.3,77.7,58.7,21288053248,10066701824,52723162,196032590,66909,174312,294,10055,Running,83.6,Healthy,Normal
2026-07-14 12:03:53,11.4,77.7,58.7,21292743168,10088222208,52848147,197984755,67135,174574,294,10061,Running,87.7,Healthy,Normal
2026-07-14 12:03:59,11.9,77.2,58.7,21296212480,10104846848,52915897,198176505,67304,174796,294,10067,Running,88.7,Healthy,Normal
2026-07-14 12:04:05,8.1,76.9,58.7,21297363456,10115512832,52961611,198200665,67374,174846,293,10073,Running,87.7,Healthy,Normal
2026-07-14 12:04:12,10.8,76.9,58.7,21297740288,10125543936,52962133,198201899,67382,174856,292,10079,Running,89.6,Healthy,Normal
2026-07-14 12:04:18,10.1,76.8,58.7,21303048704,10152450560,52987468,198207872,67415,174879,292,10085,Running,88.7,Healthy,Normal
2026-07-14 12:04:24,16.4,77.9,58.7,21305854464,10172905984,53367280,200174786,68140,175890,292,10091,Running,82.3,Healthy,Normal
2026-07-14 12:04:30,12.5,78.7,58.8,21314098688,10204477952,53705857,201940169,68702,176684,295,10097,Running,85.5,Healthy,Normal
2026-07-14 12:04:36,11.9,78.9,58.8,21321737216,10225871360,53890205,204639363,69405,179043,302,10103,Running,86.7,Healthy,Normal
2026-07-14 12:04:42,11.4,80.0,58.7,21356658688,10297272832,54775710,232989981,74087,201497,298,10109,Running,79.8,Healthy,Normal
2026-07-14 12:04:48,12.7,80.0,58.8,21361491968,10344106496,54928745,233002610,74229,201545,295,10115,Running,89.1,Healthy,Normal
2026-07-14 12:04:54,9.6,80.0,58.8,21363548160,10379336192,55236561,233573046,74677,202124,293,10121,Running,87.2,Healthy,Normal
2026-07-14 12:05:00,9.7,79.2,58.8,21364789248,10418428416,55278907,233612775,74769,202223,293,10127,Running,90.7,Healthy,Normal
2026-07-14 12:05:06,15.9,79.6,58.8,21368680448,10447342080,55327229,233674885,74896,202356,293,10133,Running,89.2,Healthy,Normal
2026-07-14 12:05:12,7.8,79.6,58.8,21370991104,10466007552,55343651,233823626,75010,202549,293,10139,Running,88.3,Healthy,Normal
2026-07-14 12:05:18,10.7,79.9,58.8,21393527808,10488756736,55382716,233858738,75090,202643,294,10145,Running,88.7,Healthy,Normal
2026-07-14 12:05:24,8.6,79.9,58.8,21412217856,10518804992,55388609,233866131,75108,202663,293,10151,Running,91.2,Healthy,Normal
2026-07-14 12:05:30,7.4,79.4,58.8,21416098304,10539112960,55416286,233881232,75156,202705,292,10157,Running,91.0,Healthy,Normal
2026-07-14 12:05:36,11.6,79.7,58.8,21419465216,10561088000,55416593,233881588,75161,202711,292,10163,Running,88.4,Healthy,Normal
2026-07-14 12:05:42,12.1,79.3,58.8,21425375744,10635356672,55426442,233894938,75198,202743,292,10169,Running,89.7,Healthy,Normal
2026-07-14 12:05:48,14.8,79.7,58.8,21429419008,10667452928,55601019,235478328,75793,203994,293,10176,Running,87.6,Healthy,Normal
2026-07-14 12:05:54,14.5,79.3,58.9,21433510912,10712439296,55689356,236057711,76105,204605,292,10182,Running,87.0,Healthy,Normal
2026-07-14 12:06:00,12.2,79.3,58.9,21436475904,10740468224,55702280,236065366,76131,204629,295,10188,Running,90.2,Healthy,Normal
2026-07-14 12:06:06,13.8,79.4,58.9,21440035328,10779113984,55728698,236093335,76202,204713,294,10194,Running,87.6,Healthy,Normal
2026-07-14 12:06:12,18.8,79.0,58.9,21443253248,10804177408,55974270,236532803,76603,205194,295,10200,Running,84.0,Healthy,Normal
2026-07-14 12:06:18,11.5,78.6,58.9,21459110912,10825804288,56111535,237743529,77038,206268,295,10206,Running,89.7,Healthy,Normal
2026-07-14 12:06:25,23.3,81.0,58.9,21474886144,10880547328,56520116,243834986,78437,211538,296,10212,Running,81.5,Healthy,Normal
2026-07-14 12:06:31,16.5,82.2,58.9,21492897280,10981042688,57791463,256873105,83233,222752,297,10218,Running,78.4,Healthy,Normal
2026-07-14 12:06:37,2.6,82.0,58.9,21500401152,11006884352,57991666,259499770,84191,225078,296,10224,Running,90.0,Healthy,Normal
2026-07-14 12:06:43,9.7,81.6,58.9,21529815040,11032275456,58021426,259562855,84328,225210,298,10230,Running,86.9,Healthy,Normal
2026-07-14 12:06:49,9.4,80.6,58.9,21531994624,11046504960,58022075,259563652,84338,225222,296,10236,Running,89.2,Healthy,Normal
2026-07-14 12:06:55,7.8,80.5,58.9,21535672832,11063056896,58054489,259697238,84392,225353,296,10242,Running,89.2,Healthy,Normal
2026-07-14 12:07:01,10.4,82.4,58.9,21578887168,11073944064,58089992,259963042,84517,225617,300,10248,Running,85.3,Healthy,Normal
2026-07-14 12:07:07,14.6,82.0,58.9,21591441920,11090508288,58178139,267831890,85365,226762,298,10254,Running,86.1,Healthy,Normal
2026-07-14 12:07:13,9.6,81.9,58.9,21601637376,11104609792,58215974,268113003,85516,226927,298,10260,Running,89.2,Healthy,Normal
2026-07-14 12:07:19,8.3,81.3,58.9,21623390208,11110192640,58242704,269632017,85852,227213,299,10266,Running,88.2,Healthy,Normal
2026-07-14 12:07:25,8.4,81.0,58.9,21624435712,11118220800,58296260,275145323,86530,227786,299,10272,Running,91.6,Healthy,Normal
2026-07-14 12:07:31,9.4,81.5,58.9,21624977920,11125700096,58432457,287732226,88257,229519,299,10278,Running,91.1,Healthy,Normal
2026-07-14 12:07:37,8.7,82.0,59.0,21625869312,11147064832,58819831,327375043,93438,235265,298,10284,Running,90.7,Healthy,Normal
2026-07-14 12:07:43,8.1,82.6,59.0,21630465024,11172066816,59159088,367091511,97976,240594,297,10290,Running,91.4,Healthy,Normal
2026-07-14 12:07:49,9.4,82.9,59.0,21634814976,11216463360,59458788,405839431,101903,243414,297,10296,Running,88.5,Healthy,Normal
2026-07-14 12:07:55,8.5,82.9,59.1,21638845440,11263829504,59755034,445232643,105794,246651,297,10303,Running,91.4,Healthy,Normal
2026-07-14 12:08:01,11.3,83.0,59.1,21642703872,11321161216,60074245,484554431,109859,250547,297,10309,Running,90.9,Healthy,Normal
2026-07-14 12:08:07,10.6,82.8,59.1,21651887104,11358451200,60379625,523859400,113825,254332,296,10315,Running,86.6,Healthy,Normal
2026-07-14 12:08:13,9.2,83.1,59.1,21679685120,11422627328,60415264,526875146,114141,254654,300,10321,Running,88.6,Healthy,Normal
2026-07-14 12:08:19,15.1,82.5,59.1,21685184512,11462006272,60425463,526876961,114165,254671,299,10327,Running,90.6,Healthy,Normal
2026-07-14 12:08:25,13.8,82.6,59.4,21729901056,12084024832,60444423,526911030,114246,254750,298,10333,Running,85.0,Healthy,Normal
2026-07-14 12:08:32,23.2,83.7,59.3,22067195392,12278867456,60470256,526957412,114349,254860,300,10339,Running,84.8,Healthy,Normal
2026-07-14 12:08:38,26.3,84.5,59.3,22371439616,12287469056,60525387,527072275,114475,255009,312,10345,Running,77.0,Healthy,Normal
2026-07-14 12:08:44,25.7,84.5,59.3,22467886592,12409936896,60674953,531846581,115462,259065,307,10352,Running,79.7,Healthy,Normal
2026-07-14 12:08:50,9.6,84.6,59.3,22475172352,12507795968,60756413,533212753,115771,260241,306,10358,Running,82.9,Healthy,Normal
2026-07-14 12:08:57,9.3,85.4,59.3,22489425920,12535570944,60761659,533214702,115790,260258,311,10364,Running,88.9,Healthy,Normal
2026-07-14 12:09:03,9.0,85.1,59.3,22496479744,12569256448,60762552,533218929,115801,260275,310,10370,Running,91.0,Healthy,Normal
2026-07-14 12:09:09,9.4,85.1,59.3,22499396096,12600828416,60763094,533219973,115809,260282,310,10376,Running,91.0,Healthy,Normal
2026-07-14 12:09:15,11.2,84.5,59.3,22502066688,12631097856,60771136,533224858,115827,260304,312,10382,Running,87.6,Healthy,Normal
2026-07-14 12:09:21,25.0,85.3,59.3,22812405248,12651938304,60821236,533375164,116039,260501,313,10388,Running,87.2,Healthy,Normal
2026-07-14 12:09:27,10.6,85.8,59.3,22825987072,12670951936,60971057,537934559,117061,264445,312,10394,Running,87.8,Healthy,Normal
2026-07-14 12:09:33,21.7,84.8,59.3,22842761728,12813410816,61158114,539996231,117982,266417,310,10400,Running,84.9,Healthy,Normal
2026-07-14 12:09:39,5.8,84.5,59.3,22849718784,12829872640,61206443,540007610,118051,266464,310,10406,Running,92.2,Healthy,Normal
2026-07-14 12:09:45,14.8,84.6,59.3,22851648512,12838101504,61338602,540058336,118232,266653,310,10412,Running,86.5,Healthy,Normal
2026-07-14 12:09:51,19.7,85.3,59.3,22885657600,12918428160,61445980,540781754,118713,267428,310,10418,Running,84.8,Healthy,Normal
2026-07-14 12:09:57,9.7,85.2,59.3,22886788096,12923650560,61455901,540788874,118772,267459,310,10424,Running,90.0,Healthy,Normal
2026-07-14 12:10:03,20.8,85.7,59.3,22891429888,12939830784,61618071,542395930,119263,268947,310,10430,Running,81.7,Healthy,Normal
2026-07-14 12:10:09,13.2,85.7,59.3,22893695488,12944311808,61924755,543042100,119625,269433,310,10436,Running,86.8,Healthy,Normal
2026-07-14 12:10:15,13.2,84.9,59.3,22895285248,12981179904,61948685,543062926,119693,269505,309,10442,Running,87.8,Healthy,Normal
2026-07-14 12:10:21,10.9,84.2,59.3,22965460992,12985705984,61992329,543210545,119785,269652,309,10448,Running,87.3,Healthy,Normal
2026-07-14 12:10:27,8.2,83.8,59.3,22965624832,12986996224,62017895,543222957,119839,269708,308,10454,Running,91.0,Healthy,Normal
2026-07-14 12:10:33,7.7,83.7,59.3,22966930944,12989470208,62018136,543223414,119843,269715,306,10460,Running,92.1,Healthy,Normal
2026-07-14 12:10:39,8.4,83.7,59.3,22970689024,12997883392,62018715,543224668,119851,269724,306,10467,Running,91.6,Healthy,Normal
2026-07-14 12:10:45,8.4,84.2,59.3,22972642816,13012882944,62025833,543251873,119883,269759,305,10473,Running,91.0,Healthy,Normal
2026-07-14 12:10:51,7.7,84.5,59.3,22973203968,13022496256,62032160,543262850,119922,269798,305,10479,Running,92.0,Healthy,Normal
2026-07-14 12:10:57,8.6,84.9,59.4,22984902144,13071824384,62032679,543263510,119930,269807,305,10485,Running,91.3,Healthy,Normal
2026-07-14 12:11:03,10.5,85.7,59.4,22992607232,13086523392,62080530,543308772,119997,269878,305,10491,Running,89.0,Healthy,Normal
2026-07-14 12:11:09,27.2,87.6,59.4,23071767040,13099610624,62177835,543349571,120063,269998,312,10497,Running,82.1,Healthy,Normal
2026-07-14 12:11:16,11.3,86.6,59.4,23073733120,13108716032,62219812,543455184,120150,270102,307,10503,Running,84.5,Healthy,Normal
2026-07-14 12:11:22,12.4,87.2,59.4,23076673024,13120101888,62276996,544449828,120369,270633,307,10509,Running,89.2,Healthy,Normal
2026-07-14 12:11:28,7.9,87.2,59.4,23082051072,13139844608,62282020,544456633,120392,270661,307,10515,Running,91.8,Healthy,Normal
2026-07-14 12:11:34,9.0,87.2,59.4,23095760896,13149490688,62284935,544458314,120402,270674,307,10521,Running,91.3,Healthy,Normal
2026-07-14 12:11:40,11.1,87.2,59.4,23107155968,13159648768,62294447,544644735,120444,270842,307,10527,Running,90.8,Healthy,Normal
2026-07-14 12:11:46,7.6,87.4,59.4,23109134336,13171138048,62294732,544645556,120448,270845,307,10533,Running,90.4,Healthy,Normal
2026-07-14 12:11:52,9.0,87.3,59.4,23111829504,13253594624,62296014,544646064,120458,270853,307,10539,Running,92.1,Healthy,Normal
2026-07-14 12:11:58,11.6,88.4,59.4,23116107776,13288633856,62481619,546442455,120890,272135,307,10545,Running,84.2,Healthy,Normal
2026-07-14 12:12:04,9.1,88.9,59.5,23118731776,13315807232,62482791,546445343,120902,272147,307,10551,Running,89.1,Healthy,Normal
2026-07-14 12:12:10,15.2,89.4,59.5,23121457664,13345222656,62499394,546536929,120954,272236,307,10557,Running,87.8,Healthy,Normal
2026-07-14 12:12:16,16.7,90.1,59.5,23123945984,13372057600,62543546,548277397,121203,273693,307,10563,Degraded,87.8,Unhealthy,Anomaly
2026-07-14 12:12:22,15.2,86.9,59.5,23127534080,13686188032,62543980,548278014,121209,273699,307,10569,Running,86.8,Healthy,Normal
2026-07-14 12:12:28,10.6,84.9,59.6,23533501440,14507915264,62548664,548282827,121273,273740,307,10575,Running,88.0,Healthy,Normal
2026-07-14 12:12:34,10.2,85.3,59.6,23866542080,14754760704,62562042,548302302,121336,273786,307,10581,Running,88.3,Healthy,Normal
2026-07-14 12:12:40,10.6,85.8,59.6,23868003840,14797817856,62609361,548344472,121464,273905,306,10587,Running,90.8,Healthy,Normal
2026-07-14 12:12:46,13.5,86.1,59.6,23868217344,14829681152,62611388,548349500,121487,273933,305,10593,Running,88.1,Healthy,Normal
2026-07-14 12:12:52,12.3,86.2,59.6,23868221440,14874847744,62613103,548352990,121507,273954,305,10599,Running,87.6,Healthy,Normal
2026-07-14 12:12:58,7.1,86.2,59.6,23868824064,14895893504,62620314,548358927,121525,273974,305,10605,Running,90.9,Healthy,Normal
2026-07-14 12:13:04,5.3,86.0,59.6,23868993024,14908783616,62620717,548359360,121531,273980,307,10611,Running,93.7,Healthy,Normal
2026-07-14 12:13:10,8.0,85.0,59.6,23870270464,14921796608,62627043,548376384,121569,274036,306,10617,Running,89.5,Healthy,Normal
2026-07-14 12:13:16,9.1,85.0,59.6,23870319616,14930979840,62641049,548391917,121606,274088,306,10623,Running,90.5,Healthy,Normal
2026-07-14 12:13:22,8.4,84.9,59.6,23870401536,14955641856,62641360,548394938,121610,274100,306,10629,Running,91.7,Healthy,Normal
2026-07-14 12:13:28,7.2,84.9,59.6,23870659584,14956604416,62641566,548398936,121613,274114,305,10635,Running,91.9,Healthy,Normal
2026-07-14 12:13:34,6.4,84.9,59.6,23870667776,14956772352,62642038,548402076,121619,274129,305,10641,Running,93.3,Healthy,Normal
2026-07-14 12:13:40,8.0,84.9,59.6,23870946304,14957935616,62654744,548427968,121677,274193,305,10647,Running,90.3,Healthy,Normal
2026-07-14 12:13:46,5.9,85.0,59.6,23870946304,14958132224,62658819,548429349,121682,274205,305,10653,Running,92.5,Healthy,Normal
2026-07-14 12:13:52,5.6,84.9,59.6,23870962688,14958365696,62659142,548429773,121686,274211,305,10659,Running,91.9,Healthy,Normal
2026-07-14 12:13:58,10.8,85.0,59.6,23870962688,14959008768,62659715,548431009,121694,274220,305,10665,Running,91.6,Healthy,Normal
2026-07-14 12:14:04,6.0,85.0,59.6,23871163392,14959344640,62664636,548438151,121708,274237,305,10672,Running,91.6,Healthy,Normal
2026-07-14 12:14:10,8.6,84.9,59.6,23871224832,14959750144,62667561,548438835,121714,274241,305,10678,Running,90.8,Healthy,Normal
2026-07-14 12:14:16,7.6,85.3,59.6,23875462144,14960700416,62680269,548449066,121752,274279,307,10684,Running,90.1,Healthy,Normal
2026-07-14 12:14:22,7.4,85.4,59.6,23875597312,14961388544,62707666,548459333,121796,274332,307,10690,Running,94.2,Healthy,Normal
2026-07-14 12:14:28,3.5,85.3,59.6,23875707904,14961699840,62708180,548462729,121803,274342,307,10696,Running,94.1,Healthy,Normal
2026-07-14 12:14:34,5.7,85.3,59.6,23875978240,14962723840,62710605,548464882,121816,274352,307,10702,Running,95.6,Healthy,Normal
2026-07-14 12:14:40,7.5,85.3,59.6,23900503040,14963018752,62738787,548487395,121878,274409,309,10708,Running,91.4,Healthy,Normal
2026-07-14 12:14:47,7.7,84.6,59.6,23907172864,14964349952,62752944,548501673,121913,274451,309,10714,Running,89.6,Healthy,Normal
2026-07-14 12:14:53,4.2,84.6,59.6,23907908608,14969306112,62760499,548664277,121945,274514,309,10720,Running,93.4,Healthy,Normal
2026-07-14 12:14:59,5.6,84.6,59.6,23907998720,14969596928,62764519,548674328,121960,274526,309,10726,Running,94.2,Healthy,Normal
2026-07-14 12:15:05,4.3,84.6,59.6,23908195328,14971210752,62764797,548675943,121964,274532,309,10732,Running,94.7,Healthy,Normal
2026-07-14 12:15:11,3.8,84.6,59.6,23908695040,14972062720,62770432,548682158,121981,274551,309,10738,Running,96.4,Healthy,Normal
2026-07-14 12:15:17,4.2,84.5,59.6,23911740928,14972685312,62784430,548693500,122017,274587,308,10744,Running,93.0,Healthy,Normal
2026-07-14 12:15:23,4.6,84.5,59.6,23911966208,14973160448,62784675,548693786,122020,274591,308,10750,Running,95.0,Healthy,Normal
2026-07-14 12:15:29,3.6,84.5,59.6,23912482304,14974094336,62784947,548694696,122024,274595,308,10756,Running,95.1,Healthy,Normal
2026-07-14 12:15:35,4.2,84.5,59.6,23912674816,14974290944,62785447,548695876,122031,274604,308,10762,Running,94.7,Healthy,Normal
2026-07-14 12:15:41,7.1,84.1,59.6,23912806912,14986652672,62785863,548696995,122036,274611,306,10768,Running,94.3,Healthy,Normal
2026-07-14 12:15:47,4.4,83.9,59.6,23912921600,14987066368,62788921,548707258,122047,274622,306,10774,Running,94.3,Healthy,Normal
2026-07-14 12:15:53,7.6,83.9,59.6,23912998400,14987889664,62789238,548708133,122051,274626,306,10780,Running,95.3,Healthy,Normal
2026-07-14 12:15:59,4.5,84.0,59.6,23913125376,14988160000,62789533,548709122,122055,274632,306,10786,Running,95.2,Healthy,Normal
2026-07-14 12:16:05,6.2,83.9,59.6,23913868800,14988385280,62789999,548710292,122061,274640,306,10792,Running,93.4,Healthy,Normal
2026-07-14 12:16:11,7.0,83.9,59.6,23914244096,14988966912,62793317,548727422,122076,274657,304,10798,Running,93.0,Healthy,Normal
2026-07-14 12:16:17,7.4,84.0,59.6,23914244096,14989282304,62807051,548810467,122123,274710,304,10804,Running,93.7,Healthy,Normal
2026-07-14 12:16:23,4.1,83.9,59.6,23914375168,14989921280,62807296,548811329,122126,274714,304,10810,Running,94.4,Healthy,Normal
2026-07-14 12:16:29,5.1,84.0,59.6,23914407936,14990597120,62807835,548812256,122131,274718,304,10816,Running,94.6,Healthy,Normal
2026-07-14 12:16:35,4.8,83.9,59.6,23914424320,14990724096,62808879,548812798,122139,274726,304,10822,Running,95.8,Healthy,Normal
2026-07-14 12:16:41,3.0,83.9,59.6,23914465280,14991010816,62813896,548821311,122170,274759,304,10828,Running,96.2,Healthy,Normal
2026-07-14 12:16:47,3.5,83.9,59.6,23914551296,14991645696,62826244,548835566,122220,274813,304,10834,Running,94.9,Healthy,Normal
2026-07-14 12:16:53,6.3,83.9,59.6,23914571776,14991813632,62826418,548836362,122222,274816,304,10840,Running,94.6,Healthy,Normal
2026-07-14 12:16:59,6.9,84.0,59.6,23914588160,14992403456,62826851,548836908,122228,274824,304,10846,Running,95.1,Healthy,Normal
2026-07-14 12:17:05,6.9,83.9,59.6,23915519488,14992645120,62838953,548866263,122260,274871,304,10852,Running,93.9,Healthy,Normal
2026-07-14 12:17:11,4.4,83.9,59.6,23915535872,14992968704,62839324,548867321,122265,274877,303,10858,Running,94.5,Healthy,Normal
2026-07-14 12:17:17,6.9,83.9,59.6,23915585024,14993771520,62860749,548878441,122308,274915,303,10864,Running,93.9,Healthy,Normal
2026-07-14 12:17:23,6.3,83.9,59.6,23916252672,14993988608,62861728,548880169,122315,274925,303,10870,Running,93.4,Healthy,Normal
2026-07-14 12:17:29,5.8,83.9,59.6,23916285440,14994340864,62862021,548881138,122319,274929,303,10876,Running,94.3,Healthy,Normal
2026-07-14 12:17:35,10.3,83.9,59.6,23916318208,14994709504,62862252,548881979,122322,274933,303,10882,Running,92.0,Healthy,Normal
2026-07-14 12:17:41,8.1,84.0,59.6,23916477952,14995205120,62873717,548883903,122339,274945,302,10888,Running,92.0,Healthy,Normal
2026-07-14 12:17:47,6.1,83.9,59.6,23916494336,14995901440,62874350,548884927,122348,274959,302,10894,Running,94.5,Healthy,Normal
2026-07-14 12:17:53,5.2,83.6,59.6,23917211136,14996171776,62874611,548885804,122351,274963,302,10900,Running,92.9,Healthy,Normal
2026-07-14 12:17:59,6.7,83.6,59.6,23917243904,14996499456,62874780,548886595,122353,274966,302,10907,Running,94.0,Healthy,Normal
2026-07-14 12:18:05,8.6,83.7,59.6,23917837312,14996995072,62875142,548887579,122358,274972,304,10913,Running,94.1,Healthy,Normal
2026-07-14 12:18:11,10.0,83.9,59.6,23945994240,14997568512,62900119,548897784,122381,275006,303,10919,Running,89.2,Healthy,Normal
2026-07-14 12:18:17,7.8,84.0,59.6,23946010624,14997834752,62914069,548903855,122407,275027,303,10925,Running,89.3,Healthy,Normal
2026-07-14 12:18:23,11.7,84.1,59.6,23946080256,14998653952,62915976,548908569,122429,275055,303,10931,Running,88.5,Healthy,Normal
2026-07-14 12:18:29,9.5,84.2,59.6,23946129408,14999014400,62917895,548911938,122450,275076,303,10937,Running,90.9,Healthy,Normal
2026-07-14 12:18:35,3.8,84.4,59.6,23946130432,14999236608,62927312,548921824,122477,275106,303,10943,Running,93.6,Healthy,Normal
2026-07-14 12:18:41,3.7,84.3,59.6,23946146816,14999982080,62927910,548923125,122485,275116,303,10949,Running,95.8,Healthy,Normal
2026-07-14 12:18:48,3.2,84.1,59.6,23946146816,15000178688,62928404,548924318,122492,275124,303,10955,Running,96.7,Healthy,Normal
2026-07-14 12:18:54,4.6,84.1,59.6,23946206208,15000805376,62928664,548925246,122495,275129,303,10961,Running,95.6,Healthy,Normal
2026-07-14 12:19:00,6.4,84.1,59.6,23946206208,15001096192,62930591,548929323,122505,275143,303,10967,Running,95.5,Healthy,Normal
2026-07-14 12:19:06,4.6,84.0,59.6,23946320896,15001522176,62930896,548930293,122509,275149,303,10973,Running,95.8,Healthy,Normal
2026-07-14 12:19:12,2.9,83.9,59.6,23946353664,15002169344,62931236,548931292,122513,275154,303,10979,Running,94.4,Healthy,Normal
2026-07-14 12:19:18,3.6,84.4,59.6,23949107712,15002345472,62949631,548948366,122569,275212,305,10985,Running,94.4,Healthy,Normal
2026-07-14 12:19:24,3.9,84.4,59.6,23949275648,15002775552,62956485,548951875,122581,275226,305,10991,Running,95.6,Healthy,Normal
2026-07-14 12:19:30,2.8,84.4,59.6,23949464064,15004196864,62956730,548952789,122584,275230,306,10997,Running,96.2,Healthy,Normal
2026-07-14 12:19:36,3.0,84.4,59.6,23949480448,15004901376,62957103,548953837,122589,275237,306,11003,Running,95.8,Healthy,Normal
2026-07-14 12:19:42,6.1,84.4,59.6,23949632000,15005220864,62965405,548956031,122603,275248,305,11009,Running,94.3,Healthy,Normal
2026-07-14 12:19:48,2.6,84.4,59.6,23949632000,15005544448,62965812,548956580,122608,275255,305,11015,Running,96.2,Healthy,Normal
2026-07-14 12:19:54,3.5,84.4,59.6,23949632000,15006375936,62966153,548957641,122612,275262,305,11021,Running,96.4,Healthy,Normal
2026-07-14 12:20:00,4.0,84.4,59.6,23949664768,15006687232,62966242,548958360,122613,275264,305,11027,Running,95.1,Healthy,Normal
2026-07-14 12:20:06,7.2,84.5,59.6,23949698560,15007077376,62970700,548964208,122625,275277,305,11033,Running,92.9,Healthy,Normal
2026-07-14 12:20:12,8.2,84.5,59.6,23949829632,15007781888,62983199,548977224,122659,275316,305,11039,Running,91.4,Healthy,Normal
2026-07-14 12:20:18,2.8,84.4,59.6,23949944832,15008241152,62991033,548981580,122673,275330,304,11045,Running,94.1,Healthy,Normal
2026-07-14 12:20:24,7.5,84.2,59.6,23950030848,15008318976,62991432,548982646,122678,275337,304,11051,Running,93.0,Healthy,Normal
2026-07-14 12:20:30,6.8,84.3,59.6,23950047232,15008630272,62992073,548983801,122684,275344,304,11057,Running,92.4,Healthy,Normal
2026-07-14 12:20:36,9.7,84.4,59.6,23950157824,15008974336,62992939,548984051,122690,275348,304,11063,Running,92.6,Healthy,Normal
2026-07-14 12:20:42,7.8,84.2,59.6,23950157824,15009240576,62998304,548996715,122717,275380,302,11069,Running,90.7,Healthy,Normal
2026-07-14 12:20:48,10.0,83.7,59.6,23959174144,15023371776,62998829,548997979,122724,275390,302,11075,Running,92.5,Healthy,Normal
2026-07-14 12:20:54,5.4,83.8,59.6,23959403520,15024158208,63011742,549010491,122760,275429,302,11081,Running,93.2,Healthy,Normal
2026-07-14 12:21:00,6.4,83.7,59.6,23959440384,15024256512,63012112,549011463,122764,275433,302,11087,Running,93.2,Healthy,Normal
2026-07-14 12:21:06,3.2,83.6,59.6,23959559168,15024604672,63016156,549023374,122776,275447,302,11093,Running,96.0,Healthy,Normal
2026-07-14 12:21:12,8.1,83.6,59.6,23959575552,15025108480,63020493,549048248,122798,275480,302,11099,Running,94.7,Healthy,Normal
2026-07-14 12:21:18,7.3,83.5,59.6,23959657472,15025387008,63037581,549142979,122861,275546,302,11105,Running,94.2,Healthy,Normal
2026-07-14 12:21:24,10.2,83.6,59.6,23959661568,15025817088,63042002,549154065,122873,275559,302,11111,Running,92.8,Healthy,Normal
2026-07-14 12:21:30,7.2,83.7,59.6,23959889920,15026320896,63047182,549157788,122885,275574,302,11117,Running,91.1,Healthy,Normal
2026-07-14 12:21:36,6.6,83.7,59.6,23959936000,15026476544,63052936,549162988,122902,275595,302,11123,Running,90.9,Healthy,Normal
2026-07-14 12:21:42,6.8,83.7,59.6,23959968768,15027578368,63053110,549163784,122904,275598,302,11129,Running,91.9,Healthy,Normal
2026-07-14 12:21:48,9.5,83.6,59.6,24062275072,15028565504,63067645,549169222,122924,275616,302,11135,Running,90.7,Healthy,Normal
2026-07-14 12:21:54,8.0,83.6,59.6,24062291456,15029065216,63067802,549169536,122926,275620,302,11141,Running,91.7,Healthy,Normal
2026-07-14 12:22:00,7.0,83.7,59.6,24062303744,15029339648,63068241,549170669,122932,275628,302,11147,Running,91.8,Healthy,Normal
2026-07-14 12:22:06,11.0,83.8,59.6,24067340800,15029741056,63084778,549184524,122965,275669,308,11154,Running,91.5,Healthy,Normal
2026-07-14 12:22:12,4.0,83.9,59.6,24067541504,15030146560,63092310,549186523,122976,275676,306,11160,Running,94.1,Healthy,Normal
2026-07-14 12:22:18,9.0,83.8,59.6,24067750400,15031727616,63092882,549190363,122983,275691,306,11166,Running,91.7,Healthy,Normal
2026-07-14 12:22:24,6.9,83.7,59.6,24067750400,15031817728,63093040,549191150,122985,275694,302,11172,Running,91.2,Healthy,Normal
2026-07-14 12:22:30,9.3,83.7,59.6,24067750400,15031977472,63093889,549192275,122992,275701,302,11178,Running,91.4,Healthy,Normal
2026-07-14 12:22:36,10.3,83.8,59.6,24067865088,15032387072,63103782,549203945,123037,275751,302,11184,Running,90.9,Healthy,Normal
2026-07-14 12:22:42,6.8,83.8,59.6,24067897856,15032751616,63103869,549204086,123038,275753,302,11190,Running,91.6,Healthy,Normal
2026-07-14 12:22:48,6.2,83.7,59.6,24068176384,15033677312,63104506,549205445,123047,275764,302,11196,Running,94.2,Healthy,Normal
2026-07-14 12:22:54,9.0,82.8,59.6,24069298688,15044036096,63105101,549206899,123055,275776,302,11202,Running,91.2,Healthy,Normal
2026-07-14 12:23:01,8.1,82.8,59.6,24069556736,15045514752,63105188,549207618,123056,275778,302,11208,Running,92.3,Healthy,Normal
2026-07-14 12:23:07,10.7,82.8,59.6,24069606912,15045879296,63105479,549208071,123060,275783,302,11214,Running,90.7,Healthy,Normal
2026-07-14 12:23:13,7.5,82.9,59.6,24069639680,15046309376,63113807,549210386,123077,275799,302,11220,Running,92.2,Healthy,Normal
2026-07-14 12:23:19,6.7,82.9,59.6,24069672448,15046813184,63120623,549220374,123107,275832,302,11226,Running,92.6,Healthy,Normal
2026-07-14 12:23:25,7.4,82.9,59.6,24069672448,15047042560,63120802,549221240,123109,275836,302,11232,Running,91.7,Healthy,Normal
2026-07-14 12:23:31,9.8,82.8,59.6,24069770752,15047280128,63120983,549221500,123112,275840,302,11238,Running,93.9,Healthy,Normal
2026-07-14 12:23:37,5.2,82.9,59.6,24069787136,15047812608,63121463,549222620,123118,275847,302,11244,Running,94.5,Healthy,Normal
2026-07-14 12:23:43,5.1,82.8,59.6,24069950976,15048734208,63121910,549223834,123124,275854,302,11250,Running,94.9,Healthy,Normal
2026-07-14 12:23:49,3.1,82.8,59.6,24070127104,15049217536,63122400,549224929,123130,275861,302,11256,Running,95.1,Healthy,Normal
2026-07-14 12:23:55,6.2,82.8,59.6,24070159872,15049496064,63122628,549225310,123133,275866,302,11262,Running,95.5,Healthy,Normal
2026-07-14 12:24:01,12.7,83.4,59.6,24070176256,15049872896,63136165,549228648,123151,275877,302,11268,Running,90.9,Healthy,Normal
2026-07-14 12:24:07,10.7,83.8,59.6,24070225408,15050429952,63137623,549236776,123168,275906,302,11274,Running,87.9,Healthy,Normal
2026-07-14 12:24:13,14.6,84.0,59.6,24070258176,15050728960,63146870,549245734,123184,275944,303,11280,Running,87.8,Healthy,Normal
2026-07-14 12:24:19,4.2,84.3,59.6,24070405632,15051376128,63154820,549253692,123231,275994,304,11286,Running,90.9,Healthy,Normal
2026-07-14 12:24:25,9.8,84.1,59.6,24070479360,15052252672,63161510,549258308,123247,276011,304,11292,Running,91.9,Healthy,Normal
2026-07-14 12:24:31,11.9,84.1,59.6,24070495744,15052629504,63162507,549259562,123255,276019,304,11298,Running,90.4,Healthy,Normal
2026-07-14 12:24:37,4.9,84.3,59.6,24070512128,15053133312,63163385,549260723,123263,276027,304,11304,Running,93.5,Healthy,Normal
2026-07-14 12:24:43,12.9,84.3,59.6,24070544896,15053854208,63182662,549301388,123330,276224,304,11310,Running,90.1,Healthy,Normal
2026-07-14 12:24:49,6.8,84.3,59.6,24070667264,15055004672,63200508,549345298,123378,276286,304,11316,Running,89.6,Healthy,Normal
2026-07-14 12:24:55,5.9,84.4,59.6,24070877696,15055821312,63213641,549371593,123401,276322,304,11322,Running,92.1,Healthy,Normal
2026-07-14 12:25:01,11.6,84.2,59.6,24070943232,15056210432,63216281,549373269,123408,276331,304,11328,Running,91.7,Healthy,Normal
2026-07-14 12:25:07,8.6,84.2,59.6,24070959616,15056448000,63216501,549373468,123411,276334,304,11334,Running,90.6,Healthy,Normal
2026-07-14 12:25:13,7.0,84.2,59.6,24071008768,15057148416,63229257,549382506,123433,276355,304,11340,Running,92.1,Healthy,Normal
2026-07-14 12:25:19,8.9,83.8,59.6,24071107072,15057508864,63236676,549390985,123480,276404,302,11346,Running,92.4,Healthy,Normal
2026-07-14 12:25:25,6.5,83.8,59.6,24071223296,15057926656,63236846,549391837,123482,276408,302,11352,Running,92.0,Healthy,Normal
2026-07-14 12:25:31,6.9,83.9,59.6,24071288832,15058754048,63237020,549392055,123484,276411,302,11358,Running,91.8,Healthy,Normal
2026-07-14 12:25:37,9.7,83.9,59.6,24071354368,15059032576,63237393,549393032,123489,276417,302,11364,Running,91.8,Healthy,Normal
2026-07-14 12:25:43,9.4,83.8,59.6,24071440384,15059892736,63237642,549393954,123492,276421,302,11370,Running,91.1,Healthy,Normal
2026-07-14 12:25:49,3.7,83.9,59.6,24071440384,15060023808,63238073,549395035,123497,276428,302,11376,Running,94.2,Healthy,Normal
2026-07-14 12:25:55,7.6,83.9,59.6,24071837696,15060171264,63238226,549395295,123499,276432,302,11382,Running,92.3,Healthy,Normal
2026-07-14 12:26:01,8.5,83.8,59.6,24071854080,15060847104,63238688,549396607,123505,276440,302,11388,Running,92.6,Healthy,Normal
2026-07-14 12:26:07,10.5,84.8,59.6,24139824640,15061797376,63247303,549406836,123528,276463,307,11394,Running,91.1,Healthy,Normal
2026-07-14 12:26:13,9.0,84.2,59.6,24144947200,15063945728,63271926,549463993,123568,276529,306,11400,Running,88.8,Healthy,Normal
2026-07-14 12:26:19,9.1,84.1,59.6,24145012736,15064740352,63277210,549549547,123596,276573,305,11406,Running,92.2,Healthy,Normal
2026-07-14 12:26:25,3.9,84.1,59.6,24145012736,15064998400,63277386,549550347,123598,276576,305,11413,Running,95.4,Healthy,Normal
2026-07-14 12:26:31,4.8,84.0,59.6,24145012736,15065367040,63279015,549551277,123607,276581,305,11419,Running,95.6,Healthy,Normal
2026-07-14 12:26:37,4.6,83.9,59.6,24145770496,15065850368,63282829,549562063,123617,276592,304,11425,Running,94.9,Healthy,Normal
2026-07-14 12:26:43,2.3,83.9,59.6,24145977856,15066186240,63301584,549577148,123691,276663,304,11431,Running,95.4,Healthy,Normal
2026-07-14 12:26:49,6.1,84.0,59.6,24146274816,15066518016,63303872,549582429,123707,276683,303,11437,Running,93.5,Healthy,Normal
2026-07-14 12:26:55,9.0,84.9,59.6,24147588608,15067984384,63363151,549693869,123828,276841,304,11443,Running,91.4,Healthy,Normal
2026-07-14 12:27:01,4.8,84.1,59.6,24158946816,15079260672,63363487,549698146,123832,276849,304,11449,Running,88.5,Healthy,Normal
2026-07-14 12:27:07,5.6,84.2,59.6,24158983680,15079637504,63366183,549698543,123838,276855,302,11455,Running,91.5,Healthy,Normal
2026-07-14 12:27:14,7.1,84.4,59.6,24159298560,15081075200,63414743,549769625,123914,276955,303,11461,Running,91.1,Healthy,Normal
2026-07-14 12:27:20,8.3,84.3,59.6,24159298560,15081259520,63426039,549787042,123964,277008,303,11467,Running,93.8,Healthy,Normal
2026-07-14 12:27:26,7.6,84.0,59.6,24159593472,15082308096,63426431,549788132,123969,277014,303,11473,Running,92.0,Healthy,Normal
2026-07-14 12:27:32,9.5,84.0,59.6,24159613952,15082603008,63426790,549788602,123974,277021,303,11479,Running,92.8,Healthy,Normal
2026-07-14 12:27:38,4.6,83.9,59.6,24159683584,15082705408,63427398,549789844,123983,277031,303,11485,Running,95.1,Healthy,Normal
2026-07-14 12:27:44,8.8,84.7,59.6,24159684608,15084246528,63453454,549803691,124039,277084,303,11491,Running,91.4,Healthy,Normal
2026-07-14 12:27:50,5.3,84.8,59.6,24159700992,15084602880,63455580,549807947,124064,277114,303,11497,Running,91.8,Healthy,Normal
2026-07-14 12:27:56,3.6,83.5,59.6,24159767040,15096252416,63459112,549812724,124079,277134,303,11503,Running,92.3,Healthy,Normal
2026-07-14 12:28:02,3.3,83.4,59.6,24159865344,15097149440,63459450,549813723,124083,277139,303,11509,Running,96.0,Healthy,Normal
2026-07-14 12:28:08,8.3,83.4,59.6,24163768320,15097567232,63459797,549814635,124088,277144,305,11515,Running,92.7,Healthy,Normal
2026-07-14 12:28:14,5.6,83.3,59.6,24169103360,15103301632,63492374,549827931,124119,277179,303,11521,Running,93.8,Healthy,Normal
2026-07-14 12:28:20,3.6,83.3,59.6,24169152512,15103731712,63492954,549828679,124127,277190,303,11527,Running,94.8,Healthy,Normal
2026-07-14 12:28:26,3.5,83.5,59.6,24169283584,15104227328,63493586,549829967,124137,277200,303,11533,Running,95.4,Healthy,Normal
2026-07-14 12:28:32,6.4,83.5,59.6,24169283584,15104407552,63494593,549830920,124144,277205,303,11539,Running,94.2,Healthy,Normal
2026-07-14 12:28:38,8.6,83.6,59.6,24169365504,15105714176,63495175,549831902,124150,277211,303,11545,Running,94.1,Healthy,Normal
2026-07-14 12:28:44,3.0,83.5,59.6,24169373696,15106320384,63533666,549913316,124265,277336,303,11551,Running,96.3,Healthy,Normal
2026-07-14 12:28:50,3.0,83.5,59.6,24169373696,15106361344,63534097,549914457,124270,277344,303,11557,Running,95.1,Healthy,Normal
2026-07-14 12:28:56,6.9,83.4,59.6,24169406464,15107012608,63547356,549949684,124292,277390,303,11563,Running,94.1,Healthy,Normal
2026-07-14 12:29:02,7.0,83.4,59.6,24169541632,15108278272,63547926,549951919,124300,277402,303,11569,Running,95.3,Healthy,Normal
2026-07-14 12:29:08,5.0,83.4,59.6,24169623552,15108749312,63548285,549952953,124305,277408,303,11575,Running,94.2,Healthy,Normal
2026-07-14 12:29:14,9.8,83.6,59.6,24170000384,15109822464,63555973,549957982,124317,277422,304,11581,Running,91.9,Healthy,Normal
2026-07-14 12:29:20,8.6,83.8,59.6,24170065920,15110072320,63570698,549976359,124386,277494,305,11587,Running,91.3,Healthy,Normal
2026-07-14 12:29:26,9.3,83.8,59.6,24170082304,15110772736,63577517,549979894,124399,277507,305,11593,Running,93.4,Healthy,Normal
2026-07-14 12:29:32,6.9,83.8,59.6,24170082304,15110957056,63577753,549980738,124402,277511,305,11599,Running,94.4,Healthy,Normal
2026-07-14 12:29:38,7.4,83.8,59.6,24170119168,15111350272,63578238,549981931,124408,277519,305,11605,Running,93.4,Healthy,Normal
2026-07-14 12:29:44,4.6,84.9,59.6,24174598656,15113889792,63890278,550545181,124853,278064,306,11611,Running,86.6,Healthy,Normal
2026-07-14 12:29:50,11.8,85.2,59.6,24192545280,15120750592,64285425,551097946,125224,278630,306,11617,Running,88.1,Healthy,Normal
2026-07-14 12:29:56,14.2,85.5,59.6,24204150784,15127984128,64841395,552200282,125876,279835,308,11623,Running,87.1,Healthy,Normal
2026-07-14 12:30:02,23.6,86.0,59.6,24222467072,15151511552,65232947,558223824,127626,284863,310,11629,Running,76.0,Healthy,Normal
2026-07-14 12:30:08,14.4,84.5,59.6,24228549120,15159965696,65262905,558362836,127770,285065,310,11635,Running,82.6,Healthy,Normal
2026-07-14 12:30:14,11.3,84.3,59.6,24231603200,15168669696,65316578,558421958,127915,285223,310,11641,Running,83.8,Healthy,Normal
2026-07-14 12:30:20,26.0,84.7,59.6,24269403648,15177029632,65459554,560294019,128514,286987,308,11647,Running,85.1,Healthy,Normal
2026-07-14 12:30:26,13.4,85.3,59.6,24296671744,15243880448,65861713,563028095,129486,289504,309,11653,Running,80.9,Healthy,Normal
2026-07-14 12:30:32,8.6,85.1,59.6,24298801664,15251064832,65872951,563033966,129528,289553,309,11660,Running,91.4,Healthy,Normal
2026-07-14 12:30:38,8.5,84.7,59.6,24299014656,15253198848,65885144,563038464,129569,289595,309,11666,Running,89.8,Healthy,Normal
2026-07-14 12:30:44,6.7,84.6,59.6,24299191808,15254841344,65895176,563052917,129609,289645,309,11672,Running,90.9,Healthy,Normal
2026-07-14 12:30:50,10.3,84.6,59.6,24299437568,15255394304,65956380,563095640,129752,289797,309,11678,Running,91.8,Healthy,Normal
2026-07-14 12:30:56,8.2,84.6,59.6,24299716096,15256221696,66007463,563168597,129975,290032,309,11684,Running,89.8,Healthy,Normal
2026-07-14 12:31:02,5.7,84.5,59.6,24299716096,15256901632,66062194,563247109,130189,290261,309,11690,Running,93.0,Healthy,Normal
2026-07-14 12:31:08,6.0,84.4,59.6,24299748864,15257253888,66109240,563309874,130383,290461,309,11696,Running,93.1,Healthy,Normal
2026-07-14 12:31:14,4.7,84.4,59.6,24299990528,15257864192,66133540,563336832,130470,290561,309,11702,Running,95.1,Healthy,Normal
2026-07-14 12:31:20,7.0,84.4,59.6,24300207616,15258736640,66164088,563439512,130580,290699,309,11708,Running,94.5,Healthy,Normal
2026-07-14 12:31:27,6.6,84.3,59.6,24300224000,15260071936,66167958,563444809,130622,290754,309,11714,Running,94.8,Healthy,Normal
2026-07-14 12:31:33,4.4,84.4,59.6,24300224000,15260293120,66170269,563447432,130651,290787,309,11720,Running,95.2,Healthy,Normal
2026-07-14 12:31:39,10.1,84.3,59.6,24300289536,15260706816,66178446,563456038,130701,290843,309,11726,Running,93.0,Healthy,Normal
2026-07-14 12:31:45,4.8,84.4,59.6,24300363264,15261370368,66181111,563461878,130731,290882,309,11732,Running,93.5,Healthy,Normal
2026-07-14 12:31:51,9.1,84.4,59.6,24300363264,15261665280,66183928,563466459,130767,290934,309,11738,Running,93.9,Healthy,Normal
2026-07-14 12:31:57,4.4,84.5,59.6,24300412416,15262091264,66187016,563470453,130803,290983,309,11744,Running,93.4,Healthy,Normal
2026-07-14 12:32:03,7.3,84.6,59.6,24300416512,15262644224,66189003,563473501,130825,291014,309,11750,Running,91.8,Healthy,Normal
2026-07-14 12:32:09,6.7,84.5,59.6,24300613120,15262943232,66191633,563477006,130855,291048,308,11756,Running,93.6,Healthy,Normal
2026-07-14 12:32:15,4.2,84.4,59.6,24300710912,15263680512,66203273,563493452,130894,291093,308,11762,Running,94.5,Healthy,Normal
2026-07-14 12:32:21,3.6,84.4,59.6,24300710912,15264110592,66205917,563496742,130927,291135,308,11768,Running,94.2,Healthy,Normal
2026-07-14 12:32:27,6.2,84.4,59.6,24300731392,15264606208,66233883,563518969,131024,291238,308,11774,Running,94.6,Healthy,Normal
2026-07-14 12:32:33,6.6,84.4,59.6,24300747776,15265171456,66236935,563522274,131052,291270,308,11780,Running,92.5,Healthy,Normal
2026-07-14 12:32:39,9.8,84.6,59.6,24300747776,15265294336,66251360,563534337,131110,291335,308,11786,Running,92.2,Healthy,Normal
2026-07-14 12:32:45,21.3,85.0,59.6,24303398400,15266359296,66552213,566219251,131818,293717,306,11792,Running,87.9,Healthy,Normal
2026-07-14 12:32:51,16.0,87.2,59.6,24310394880,15285438976,67011115,570893735,133165,296800,308,11798,Running,84.8,Healthy,Normal
2026-07-14 12:32:57,13.1,86.3,59.6,24314340352,15308139520,67112531,573761857,133620,297376,309,11804,Running,85.8,Healthy,Normal
2026-07-14 12:33:03,8.3,85.6,59.6,24315094016,15313050624,67147742,574796730,133796,297650,309,11810,Running,90.6,Healthy,Normal
2026-07-14 12:33:09,18.3,85.9,59.6,24317004288,15315904000,67247234,575226623,134074,298040,313,11816,Running,82.3,Healthy,Normal
2026-07-14 12:33:15,13.3,85.4,59.6,24317294592,15316829696,67292812,575446984,134228,298339,310,11822,Running,87.4,Healthy,Normal
2026-07-14 12:33:21,11.8,84.7,59.6,24317708288,15317845504,67336421,575476670,134334,298469,310,11828,Running,86.6,Healthy,Normal
2026-07-14 12:33:27,10.8,84.2,59.6,24317982720,15318332928,67362182,575508622,134431,298578,310,11834,Running,91.0,Healthy,Normal
2026-07-14 12:33:33,9.8,84.2,59.6,24317995008,15318787584,67389030,575526356,134512,298663,310,11840,Running,90.1,Healthy,Normal
2026-07-14 12:33:39,9.4,84.2,59.6,24318341632,15320225280,67413349,575569928,134606,298768,310,11846,Running,90.5,Healthy,Normal
2026-07-14 12:33:45,11.8,84.2,59.6,24319257088,15321269760,67448527,575596215,134682,298867,311,11852,Running,89.0,Healthy,Normal
2026-07-14 12:33:51,14.3,84.2,59.6,24319257600,15321458176,67474885,575621364,134790,298989,311,11858,Running,88.6,Healthy,Normal
2026-07-14 12:33:57,10.5,84.3,59.6,24320105472,15322113536,67497007,575654956,134869,299084,311,11864,Running,89.4,Healthy,Normal
2026-07-14 12:34:03,8.5,84.2,59.6,24320236544,15322768896,67516409,575674368,134959,299175,311,11870,Running,89.9,Healthy,Normal
2026-07-14 12:34:09,8.2,83.9,59.6,24320318464,15323174400,67550926,575690512,135021,299257,310,11876,Running,90.4,Healthy,Normal
2026-07-14 12:34:15,22.3,84.5,59.6,24322296320,15323997696,67581923,575716670,135115,299360,311,11882,Running,85.5,Healthy,Normal
2026-07-14 12:34:21,19.3,84.8,59.6,24322420736,15324974080,67666759,575809026,135274,299556,312,11888,Running,82.9,Healthy,Normal
2026-07-14 12:34:27,11.9,84.9,59.6,24322998272,15326592000,67729399,575869080,135422,299731,312,11894,Running,84.4,Healthy,Normal
2026-07-14 12:34:33,15.5,84.8,59.6,24323633152,15328328704,67881794,575922276,135668,299947,312,11901,Running,86.7,Healthy,Normal
2026-07-14 12:34:39,15.9,84.8,59.6,24323633152,15328955392,67903661,575952586,135745,300041,311,11907,Running,86.0,Healthy,Normal
2026-07-14 12:34:45,13.1,84.8,59.6,24323698688,15329913856,67941662,575981141,135839,300142,311,11913,Running,85.2,Healthy,Normal
2026-07-14 12:34:51,12.2,84.8,59.6,24323837952,15330941952,67974914,576023668,135955,300274,310,11919,Running,87.6,Healthy,Normal
2026-07-14 12:34:57,13.9,84.7,59.6,24326471680,15335091200,68006731,576048404,136019,300360,310,11925,Running,86.2,Healthy,Normal
2026-07-14 12:35:03,12.1,84.7,59.6,24326537216,15335271424,68034875,576076873,136120,300468,310,11931,Running,87.8,Healthy,Normal
2026-07-14 12:35:09,13.2,84.8,59.6,24326602752,15335623680,68052231,576096093,136193,300549,310,11937,Running,86.1,Healthy,Normal
2026-07-14 12:35:15,16.6,85.1,59.6,24326730240,15336742400,68106267,576140022,136309,300674,309,11943,Running,86.8,Healthy,Normal
2026-07-14 12:35:21,19.6,85.7,59.6,24326844928,15337442816,68137540,576173849,136423,300803,309,11949,Running,79.1,Healthy,Normal
2026-07-14 12:35:28,17.0,85.6,59.6,24327009280,15338487808,68173163,576199651,136509,300905,309,11955,Running,83.3,Healthy,Normal
2026-07-14 12:35:34,8.7,85.5,59.6,24327009280,15338795008,68202403,576240156,136598,301008,309,11961,Running,88.4,Healthy,Normal
2026-07-14 12:35:40,10.8,85.4,59.6,24327058432,15339208704,68219921,576262791,136659,301081,309,11967,Running,89.4,Healthy,Normal
2026-07-14 12:35:46,16.3,85.6,59.6,24327089664,15339925504,68237483,576290982,136733,301165,309,11973,Running,86.1,Healthy,Normal
2026-07-14 12:35:52,9.9,85.2,59.6,24327089664,15340023808,68273029,576321138,136810,301267,308,11979,Running,87.6,Healthy,Normal
2026-07-14 12:35:58,8.2,85.2,59.6,24327171584,15340392448,68290831,576350191,136876,301352,308,11985,Running,88.7,Healthy,Normal
2026-07-14 12:36:04,12.7,85.3,59.6,24327204352,15340773376,68330061,576432942,137038,301525,308,11991,Running,87.2,Healthy,Normal
2026-07-14 12:36:10,12.3,85.9,59.6,24329002496,15341555712,68369316,576491481,137186,301688,308,11997,Running,87.1,Healthy,Normal
2026-07-14 12:36:16,16.0,86.0,59.6,24331668480,15344140288,68391305,576502420,137247,301716,310,12003,Running,81.9,Healthy,Normal
2026-07-14 12:36:22,13.2,86.4,59.6,24452497920,15352415232,68655978,580626219,138515,303847,311,12009,Running,84.3,Healthy,Normal
2026-07-14 12:36:28,9.9,86.6,59.6,24455776768,15376950784,68856973,581206422,139190,304563,309,12015,Running,88.9,Healthy,Normal
2026-07-14 12:36:34,5.3,86.7,59.6,24456991744,15380137472,68916386,581330223,139368,304768,310,12021,Running,91.7,Healthy,Normal
2026-07-14 12:36:40,6.0,86.4,59.6,24457237504,15382382080,68958907,581369845,139480,304895,309,12027,Running,90.5,Healthy,Normal
2026-07-14 12:36:46,8.0,86.3,59.6,24457270272,15383291392,69018099,581480579,139619,305081,309,12033,Running,91.0,Healthy,Normal
2026-07-14 12:36:52,13.7,86.8,59.6,24487605248,15384663552,69060336,581520547,139704,305196,309,12039,Running,91.4,Healthy,Normal
2026-07-14 12:36:58,2.1,86.4,59.6,24488292864,15385888256,69126714,581569222,139864,305376,309,12045,Running,94.7,Healthy,Normal
2026-07-14 12:37:04,3.1,86.5,59.6,24489712640,15386142208,69145941,581597320,139935,305463,312,12051,Running,96.0,Healthy,Normal
2026-07-14 12:37:10,3.9,86.3,59.6,24490003456,15387153920,69182018,581616976,140022,305560,311,12057,Running,94.5,Healthy,Normal
2026-07-14 12:37:16,9.5,86.3,59.6,24490101760,15387690496,69222800,581646525,140118,305681,311,12063,Running,95.5,Healthy,Normal
2026-07-14 12:37:22,7.9,86.4,59.6,24490118144,15388018176,69262499,581663683,140189,305760,310,12069,Running,93.5,Healthy,Normal
2026-07-14 12:37:28,2.5,86.3,59.6,24490150912,15388284416,69299613,581690806,140308,305891,310,12075,Running,93.4,Healthy,Normal
2026-07-14 12:37:34,7.9,85.8,59.6,24490593280,15388648960,69324061,581720511,140401,305993,309,12081,Running,93.7,Healthy,Normal
2026-07-14 12:37:40,8.5,85.8,59.6,24490900480,15391307264,69355424,581740708,140469,306077,309,12087,Running,91.1,Healthy,Normal
2026-07-14 12:37:46,9.2,85.8,59.6,24491047936,15392224768,69413992,581765543,140563,306189,308,12093,Running,89.2,Healthy,Normal
2026-07-14 12:37:52,24.7,88.2,59.6,24491467776,15393105920,69476345,582172257,140847,306484,309,12099,Running,91.0,Healthy,Normal
2026-07-14 12:37:58,8.1,85.3,59.6,24494441472,15408781312,69599723,585147711,141506,307200,309,12105,Running,86.5,Healthy,Normal
2026-07-14 12:38:04,10.5,84.4,59.6,24497454592,15411935232,69640147,585174002,141633,307332,311,12111,Running,89.3,Healthy,Normal
2026-07-14 12:38:10,12.8,84.0,59.6,24497673728,15413098496,69673918,585203749,141718,307450,308,12118,Running,90.2,Healthy,Normal
2026-07-14 12:38:16,8.6,84.1,59.6,24497853952,15414003712,69711944,585227545,141808,307548,308,12124,Running,90.9,Healthy,Normal
2026-07-14 12:38:22,13.4,84.3,59.6,24498157056,15414253568,69790140,585290117,142040,307779,308,12130,Running,91.8,Healthy,Normal
2026-07-14 12:38:28,14.4,86.1,59.6,24500588032,15426330624,70292161,585770994,143116,308929,308,12136,Running,84.7,Healthy,Normal
2026-07-14 12:38:34,10.1,86.5,59.6,24501890560,15436177408,70410528,585952803,143403,309241,309,12142,Running,89.2,Healthy,Normal
2026-07-14 12:38:40,11.1,86.2,59.6,24502210048,15438327808,70431884,585969640,143475,309318,309,12148,Running,90.2,Healthy,Normal
2026-07-14 12:38:46,6.1,85.8,59.6,24502472192,15439003648,70452607,585986204,143542,309396,309,12154,Running,94.4,Healthy,Normal
2026-07-14 12:38:52,9.0,85.9,59.6,24503524864,15440252928,70488415,586004376,143605,309486,309,12160,Running,93.5,Healthy,Normal
2026-07-14 12:38:58,4.5,84.3,59.6,24504139264,15441223680,70519562,586034324,143703,309588,309,12166,Running,94.1,Healthy,Normal
2026-07-14 12:39:04,4.4,84.3,59.6,24504155648,15442378752,70539059,586050662,143768,309664,309,12172,Running,94.7,Healthy,Normal
2026-07-14 12:39:11,3.5,84.4,59.6,24504221184,15442976768,70580583,586081043,143850,309770,309,12178,Running,93.7,Healthy,Normal
2026-07-14 12:39:17,10.2,85.2,59.6,24505085440,15443922944,70633305,586125577,144018,309946,311,12184,Running,89.4,Healthy,Normal
2026-07-14 12:39:23,3.0,85.3,59.6,24505503232,15445110784,70654451,586160300,144104,310057,312,12190,Running,91.9,Healthy,Normal
2026-07-14 12:39:29,7.2,84.7,59.6,24505617920,15445573632,70677885,586181519,144189,310152,312,12196,Running,94.7,Healthy,Normal
2026-07-14 12:39:35,2.9,84.8,59.6,24505691648,15446138880,70712400,586199144,144255,310240,312,12202,Running,95.6,Healthy,Normal
2026-07-14 12:39:41,6.6,84.7,59.6,24505691648,15446437888,70733188,586213639,144324,310310,311,12208,Running,95.9,Healthy,Normal
2026-07-14 12:39:47,5.5,84.6,59.6,24505724416,15446982656,70753899,586239821,144394,310386,311,12214,Running,96.0,Healthy,Normal
2026-07-14 12:39:53,3.7,84.7,59.6,24505822720,15447855104,70774086,586255921,144457,310458,311,12220,Running,94.8,Healthy,Normal
2026-07-14 12:39:59,4.7,84.7,59.6,24506052096,15448645632,70810119,586271533,144522,310537,310,12226,Running,95.6,Healthy,Normal
2026-07-14 12:40:05,7.6,84.6,59.6,24506117632,15449198592,70838434,586294715,144614,310635,310,12232,Running,93.5,Healthy,Normal
2026-07-14 12:40:11,4.3,84.7,59.6,24506134016,15449767936,70866181,586329830,144703,310745,310,12238,Running,94.6,Healthy,Normal
2026-07-14 12:40:17,11.3,84.8,59.6,24506260992,15450304512,70918472,586372231,144864,310898,309,12244,Running,91.8,Healthy,Normal
2026-07-14 12:40:23,13.6,84.8,59.6,24506338816,15450673152,70958522,586393864,144938,311003,309,12250,Running,88.9,Healthy,Normal
2026-07-14 12:40:29,7.5,84.8,59.6,24506355200,15457480704,70997032,586431292,145048,311120,309,12256,Running,92.6,Healthy,Normal
2026-07-14 12:40:35,3.6,84.9,59.6,24506355200,15457787904,71027763,586463939,145164,311223,309,12262,Running,94.3,Healthy,Normal
2026-07-14 12:40:41,5.1,84.8,59.6,24506371584,15458648064,71046074,586480790,145224,311287,308,12268,Running,91.6,Healthy,Normal
2026-07-14 12:40:47,8.6,84.8,59.6,24506371584,15459115008,71084739,586500050,145311,311385,307,12274,Running,93.7,Healthy,Normal
2026-07-14 12:40:53,7.6,85.0,59.6,24508207616,15468717056,71260824,586653239,145738,311833,307,12280,Running,89.8,Healthy,Normal
2026-07-14 12:40:59,2.8,84.2,59.6,24508667392,15470999552,71298504,586671942,145834,311949,307,12286,Running,93.9,Healthy,Normal
2026-07-14 12:41:05,4.9,84.2,59.6,24508904960,15471949824,71319156,586686596,145895,312017,307,12292,Running,95.6,Healthy,Normal
2026-07-14 12:41:11,8.0,84.8,59.6,24515187712,15473643520,71368309,586753456,146013,312161,307,12298,Running,91.9,Healthy,Normal
2026-07-14 12:41:17,4.0,84.1,59.6,24517964800,15476633600,71381399,586823844,146058,312216,308,12304,Running,89.7,Healthy,Normal
2026-07-14 12:41:23,6.7,84.9,59.6,24622723584,15481540608,71391723,586923157,146107,312290,312,12310,Running,85.7,Healthy,Normal
2026-07-14 12:41:29,3.2,84.7,59.6,24623665664,15483977728,71422218,586972370,146240,312428,311,12316,Running,94.3,Healthy,Normal
2026-07-14 12:41:35,6.6,84.7,59.6,24633327104,15485304832,71428096,586985840,146264,312458,311,12322,Running,93.3,Healthy,Normal
2026-07-14 12:41:41,12.0,85.0,59.6,24647624704,15487004672,71430376,586988025,146292,312483,316,12328,Running,90.1,Healthy,Normal
2026-07-14 12:41:47,9.2,84.9,59.6,24648620032,15489159168,71435428,586991185,146312,312505,311,12334,Running,90.6,Healthy,Normal
2026-07-14 12:41:53,15.1,85.0,59.6,24649250816,15490072576,71440463,586997886,146353,312554,310,12340,Running,90.0,Healthy,Normal
2026-07-14 12:41:59,7.4,85.3,59.6,24650559488,15491121152,71453675,587013919,146409,312625,310,12347,Running,87.9,Healthy,Normal
2026-07-14 12:42:05,8.2,85.0,59.6,24657131520,15494512640,71487143,588612898,146800,313025,311,12353,Running,90.2,Healthy,Normal
2026-07-14 12:42:11,7.9,85.1,59.6,24657205248,15498174464,71543565,592052487,147507,313795,311,12359,Running,91.0,Healthy,Normal
2026-07-14 12:42:17,9.2,85.0,59.6,24657827328,15502028800,71591136,594865043,147943,314445,311,12365,Running,90.6,Healthy,Normal
2026-07-14 12:42:23,10.7,85.2,59.6,24664618496,15543488512,71912186,616498308,152099,319513,311,12371,Running,88.5,Healthy,Normal
2026-07-14 12:42:29,15.0,85.4,59.6,24668710400,15594565632,72377225,655172297,157998,328550,312,12377,Running,86.2,Healthy,Normal
2026-07-14 12:42:35,11.2,85.5,59.7,24671733248,15620308992,72723086,695004308,162710,338815,312,12383,Running,87.1,Healthy,Normal
2026-07-14 12:42:42,13.3,86.1,59.7,24673420800,15645446144,73057597,734855294,167074,346330,312,12389,Running,86.0,Healthy,Normal
2026-07-14 12:42:48,9.7,86.1,59.7,24678176256,15685087232,73483350,773346094,172519,354682,310,12395,Running,89.1,Healthy,Normal
2026-07-14 12:42:54,12.4,86.2,59.8,24686122496,15718559744,73874823,812754801,177447,361334,310,12401,Running,88.5,Healthy,Normal
2026-07-14 12:43:00,13.3,84.6,59.8,24702065664,15763992576,74147269,847128571,181081,369357,311,12407,Running,84.3,Healthy,Normal
2026-07-14 12:43:06,13.9,84.5,59.8,24725302272,15802118144,74158317,847135842,181115,369402,312,12413,Running,84.0,Healthy,Normal
2026-07-14 12:43:12,10.1,84.3,59.8,24735142400,15828385792,74189236,847151472,181155,369467,309,12419,Running,86.6,Healthy,Normal
2026-07-14 12:43:18,9.3,84.3,59.8,24736875008,15858565120,74213983,847167326,181221,369543,309,12425,Running,90.0,Healthy,Normal
2026-07-14 12:43:24,10.1,84.1,59.8,24741388800,15877623808,74225100,847180270,181268,369600,309,12431,Running,90.4,Healthy,Normal
2026-07-14 12:43:30,11.2,84.2,59.8,24746082816,15894446080,74251484,847197538,181383,369704,309,12437,Running,89.3,Healthy,Normal
2026-07-14 12:43:36,10.2,84.4,59.8,24749815296,15943988224,74397841,847286829,181775,370118,309,12443,Running,88.6,Healthy,Normal
2026-07-14 12:43:42,8.8,84.2,59.8,24751060480,16005493760,74403630,847291595,181795,370149,310,12449,Running,89.6,Healthy,Normal
2026-07-14 12:43:48,9.9,84.3,59.8,24754103808,16038495232,74412612,847301923,181822,370181,310,12455,Running,89.8,Healthy,Normal
2026-07-14 12:43:54,6.9,84.5,59.8,24757204992,16068240896,74450216,847332622,181944,370319,310,12461,Running,90.7,Healthy,Normal
2026-07-14 12:44:00,9.5,84.6,59.9,24760903680,16100124160,74456536,847336567,181965,370350,310,12468,Running,89.8,Healthy,Normal
2026-07-14 12:44:06,13.0,76.0,59.0,24765048832,16132466176,74471770,847340932,181987,370383,310,12474,Running,86.7,Healthy,Normal
2026-07-14 12:44:12,4.1,76.0,59.0,24767416320,16151954944,74484034,847345435,182024,370416,310,12480,Running,90.8,Healthy,Normal
2026-07-14 12:44:18,5.3,76.4,59.0,24769652736,16158234112,74499827,847373938,182091,370493,311,12486,Running,92.7,Healthy,Normal
2026-07-14 12:44:24,3.1,76.3,59.0,24769984512,16162711040,74503677,847378210,182110,370517,312,12492,Running,96.0,Healthy,Normal
2026-07-14 12:44:30,20.0,77.6,59.0,24961472000,16168415232,74966558,847714909,183020,371430,312,12498,Running,84.6,Healthy,Normal
2026-07-14 12:44:36,16.3,79.7,59.0,24964282880,16182296576,75146296,848008397,183458,371845,313,12504,Running,83.3,Healthy,Normal
2026-07-14 12:44:42,12.0,79.8,59.0,24965200384,16187277312,75211465,848242919,183705,372107,314,12510,Running,87.5,Healthy,Normal
2026-07-14 12:44:49,13.3,79.2,59.0,24965874688,16192659456,75234017,848294777,183821,372203,314,12516,Running,88.0,Healthy,Normal
2026-07-14 12:44:55,9.8,79.2,59.0,24967634432,16193675264,75250454,848322803,183887,372267,314,12522,Running,90.4,Healthy,Normal
2026-07-14 12:45:01,10.1,79.2,59.0,24968773120,16195768320,75320762,848382335,184034,372443,314,12528,Running,86.8,Healthy,Normal
2026-07-14 12:45:07,7.9,78.9,59.0,24968953344,16196845568,75339567,848402719,184098,372528,314,12534,Running,89.0,Healthy,Normal
2026-07-14 12:45:13,9.0,78.4,59.0,24969395712,16198193152,75387358,848429325,184177,372632,314,12541,Running,91.3,Healthy,Normal
2026-07-14 12:45:19,7.2,77.7,59.0,24969412096,16198971392,75419109,848473746,184267,372753,312,12547,Running,89.5,Healthy,Normal
2026-07-14 12:45:25,10.9,77.7,59.0,24969528320,16199819264,75442020,848501438,184344,372852,312,12553,Running,87.5,Healthy,Normal
2026-07-14 12:45:31,10.0,78.0,59.0,24970404864,16210235392,75489562,848560702,184434,372981,312,12559,Running,88.6,Healthy,Normal
2026-07-14 12:45:37,10.3,78.2,59.0,24973913088,16230858752,75513435,848604074,184511,373078,312,12565,Running,88.8,Healthy,Normal
2026-07-14 12:45:43,10.3,78.1,59.0,24974208000,16237072384,75835095,848640915,184582,373278,312,12571,Running,90.0,Healthy,Normal
2026-07-14 12:45:50,9.6,78.2,59.0,24977681408,16272764928,75855811,848667681,184649,373348,312,12577,Running,88.8,Healthy,Normal
2026-07-14 12:45:56,7.1,78.4,59.1,24979385344,16292139008,75889518,848688715,184704,373438,312,12583,Running,91.7,Healthy,Normal
2026-07-14 12:46:02,8.5,78.5,59.1,24980433920,16299167744,75907858,848707735,184760,373507,312,12589,Running,90.4,Healthy,Normal
2026-07-14 12:46:08,8.6,78.6,59.1,24981233152,16303341568,75932730,848734316,184830,373590,312,12595,Running,90.1,Healthy,Normal
2026-07-14 12:46:14,15.4,79.0,59.1,24984010240,16310538240,80274882,848884871,185053,374844,312,12601,Running,88.2,Healthy,Normal
2026-07-14 12:46:20,8.0,79.1,59.1,24984845824,16319873024,80304118,848929763,185149,374968,312,12607,Running,90.4,Healthy,Normal
2026-07-14 12:46:26,9.7,78.5,59.1,24986743808,16329666560,80335529,849040252,185252,375108,310,12613,Running,90.5,Healthy,Normal
2026-07-14 12:46:32,11.6,78.7,59.1,24987218944,16335822848,80377068,849147234,185410,375289,310,12619,Running,88.1,Healthy,Normal
2026-07-14 12:46:38,9.6,78.9,59.1,24987935744,16345014272,80417550,849177734,185487,375396,309,12625,Running,89.9,Healthy,Normal
2026-07-14 12:46:44,11.0,79.0,59.1,24989230080,16426291200,80435614,849189798,185545,375466,309,12631,Running,88.8,Healthy,Normal
2026-07-14 12:46:50,21.9,79.5,59.1,24990235136,16439969280,81023632,849397800,185884,376008,310,12637,Running,86.9,Healthy,Normal
2026-07-14 12:46:56,8.9,79.5,59.1,24991447552,16467744256,81061799,849447167,186009,376157,309,12643,Running,90.6,Healthy,Normal
2026-07-14 12:47:02,12.7,79.5,59.1,24992332288,16492275200,81106742,849466527,186077,376245,310,12649,Running,90.1,Healthy,Normal
2026-07-14 12:47:08,15.8,79.8,59.1,24993757696,16518833664,81164950,849544412,186203,376419,309,12655,Running,86.4,Healthy,Normal
2026-07-14 12:47:14,16.6,79.0,59.2,24994642944,16542439424,81213277,849572409,186304,376539,309,12661,Running,87.3,Healthy,Normal
2026-07-14 12:47:20,6.6,78.9,59.2,24995458048,16549615616,81242370,849589785,186380,376613,309,12667,Running,89.1,Healthy,Normal
2026-07-14 12:47:26,5.4,78.8,59.1,24996769280,16556595200,81287362,849625765,186460,376710,309,12673,Running,94.4,Healthy,Normal
2026-07-14 12:47:32,10.5,78.9,59.1,25000531456,16561547264,81318754,849651646,186552,376808,311,12679,Running,89.3,Healthy,Normal
2026-07-14 12:47:38,6.5,78.8,59.1,25002509824,16577263616,81337123,849669517,186612,376881,311,12686,Running,90.6,Healthy,Normal
2026-07-14 12:47:44,8.2,78.7,59.1,25002977280,16578369536,81356717,849685752,186678,376951,311,12692,Running,92.8,Healthy,Normal
2026-07-14 12:47:50,7.8,78.7,59.1,25002993664,16578897920,81392217,849703826,186743,377043,311,12698,Running,94.8,Healthy,Normal
2026-07-14 12:47:56,11.1,78.7,59.1,25002993664,16579115008,81410716,849720137,186803,377114,311,12704,Running,91.4,Healthy,Normal
2026-07-14 12:48:02,9.4,77.4,59.1,25003153408,16582891520,81429205,849735124,186856,377169,310,12710,Running,86.0,Healthy,Normal
2026-07-14 12:48:08,12.4,77.5,59.1,25019899904,16584456192,81448521,849761357,186918,377254,313,12716,Running,88.5,Healthy,Normal
2026-07-14 12:48:15,11.5,77.8,59.1,25054239744,16610023424,81510426,849790661,187006,377364,313,12722,Running,85.6,Healthy,Normal
2026-07-14 12:48:21,17.4,78.4,59.1,25073240576,16614770688,81567198,850113554,187226,377640,321,12728,Running,85.3,Healthy,Normal
2026-07-14 12:48:27,18.9,80.6,59.1,25093516800,16681383936,81649167,851583590,187721,378759,401,12734,Running,83.1,Healthy,Normal
2026-07-14 12:48:33,99.9,88.5,59.1,25143958016,16692378112,81687084,851849327,187928,379012,650,12740,Degraded,21.9,Unhealthy,Anomaly
2026-07-14 12:48:39,100.0,89.5,59.1,25162665984,16775109120,81698155,851851806,187979,379038,664,12746,Degraded,0.0,Unhealthy,Anomaly
2026-07-14 12:48:45,99.9,87.9,59.1,25181573632,17205746176,81819043,852025007,188258,379355,663,12753,Degraded,0.0,Unhealthy,Anomaly
2026-07-14 12:48:51,100.0,88.9,59.1,25195788800,17211386368,81839638,852045457,188340,379435,661,12759,Degraded,0.0,Unhealthy,Anomaly
2026-07-14 12:48:58,100.0,89.5,59.1,25214073856,17267862016,81877654,852067619,188409,379527,660,12766,Degraded,0.0,Unhealthy,Anomaly
2026-07-14 12:49:05,100.0,91.1,59.1,25225299968,17285413376,81904038,852098295,188491,379620,660,12774,Degraded,0.0,Unhealthy,Anomaly
2026-07-14 12:49:12,100.0,86.2,59.1,25270456320,17297816064,81924150,852118317,188552,379689,521,12780,Degraded,0.0,Unhealthy,Anomaly
2026-07-14 12:49:19,14.6,77.6,59.1,25333127680,17340611072,82018000,852165971,188677,379817,314,12786,Running,59.9,Healthy,Normal
2026-07-14 12:49:25,25.5,77.8,59.2,25362511872,17386846720,82352746,852481757,189368,380639,312,12792,Running,79.6,Healthy,Normal
2026-07-14 12:49:31,24.1,77.5,59.2,25402368512,17414879744,82411898,852595152,189499,380805,311,12798,Running,81.0,Healthy,Normal
2026-07-14 12:49:37,29.7,75.5,59.2,25674719232,17461819904,82830836,853075516,190026,381543,311,12805,Running,74.2,Healthy,Normal
2026-07-14 12:49:44,26.9,67.5,59.2,25774758400,17545005568,82982552,853532141,190417,382104,300,12811,Running,71.0,Healthy,Normal
2026-07-14 12:49:50,22.4,61.6,59.2,25823435264,17565223936,83048705,853873009,190560,382349,279,12817,Running,76.5,Healthy,Normal
2026-07-14 12:49:56,18.9,61.3,59.2,25906173952,17590835200,83081246,853956640,190642,382462,275,12823,Running,81.9,Healthy,Normal
2026-07-14 12:50:02,14.1,62.4,59.2,25917121536,17601776640,83228233,854028034,190742,382626,275,12829,Running,80.0,Healthy,Normal
2026-07-14 12:50:08,24.0,64.0,59.2,26249837568,17613958144,83302951,854087143,190837,382746,278,12835,Running,82.6,Healthy,Normal
2026-07-14 12:50:14,8.5,64.5,59.2,26314956288,17621919744,83333440,854320080,190931,382850,276,12841,Running,82.6,Healthy,Normal
2026-07-14 12:50:20,14.0,64.3,59.2,26341361152,17662498816,83576794,886426838,194986,391165,281,12848,Running,85.8,Healthy,Normal
2026-07-14 12:50:26,16.8,64.4,59.2,26365154816,17707304960,83848383,927045248,199876,402163,278,12854,Running,82.6,Healthy,Normal
2026-07-14 12:50:33,11.3,64.3,59.2,26369090048,17759519744,84123216,966492126,204926,411497,276,12860,Running,88.1,Healthy,Normal
2026-07-14 12:50:39,13.2,65.1,59.3,26383794176,17802086400,84413719,1006347629,209813,417937,281,12866,Running,85.5,Healthy,Normal
2026-07-14 12:50:45,18.3,64.7,59.3,26387916800,17853822976,84749051,1047242601,215910,427375,289,12872,Running,84.1,Healthy,Normal
2026-07-14 12:50:51,16.6,66.4,59.5,26603286016,18000136192,84791814,1057444997,216669,428573,275,12878,Running,83.0,Healthy,Normal
2026-07-14 12:50:57,16.5,67.4,59.5,26636403712,18256914432,84797958,1057452738,216697,428604,275,12884,Running,82.5,Healthy,Normal
2026-07-14 12:51:03,18.2,66.6,59.5,26642951168,18488347648,84799484,1057458331,216710,428620,275,12891,Running,82.0,Healthy,Normal
2026-07-14 12:51:10,16.6,66.1,59.5,26643184640,18627329024,84799775,1057460522,216714,428628,275,12897,Running,86.4,Healthy,Normal
2026-07-14 12:51:16,13.4,66.2,59.5,26646035456,18682915840,84811041,1057482990,216755,428685,275,12903,Running,87.3,Healthy,Normal
2026-07-14 12:51:22,15.3,66.7,59.6,26647383040,18736077824,84811810,1057484818,216768,428698,275,12909,Running,85.7,Healthy,Normal
2026-07-14 12:51:28,21.9,66.6,59.4,26651847680,18829908992,84817809,1057573086,216804,428749,275,12915,Running,82.8,Healthy,Normal
2026-07-14 12:51:34,19.6,68.2,59.7,26676912128,19314002944,84833039,1057592008,216842,428792,275,12921,Running,82.7,Healthy,Normal
2026-07-14 12:51:40,14.7,67.3,59.6,26701428224,19598924800,84833961,1057595223,216857,428812,275,12927,Running,84.2,Healthy,Normal
2026-07-14 12:51:46,13.9,66.7,59.6,26726615040,19771300864,84838361,1057599779,216871,428835,277,12933,Running,85.4,Healthy,Normal
2026-07-14 12:51:52,13.8,66.6,59.7,26729028608,19835628544,84845777,1057755516,216943,428933,277,12939,Running,86.1,Healthy,Normal
2026-07-14 12:51:58,12.9,66.9,59.7,26731175424,19891665920,84851145,1057773305,216972,428968,277,12945,Running,86.1,Healthy,Normal
2026-07-14 12:52:04,24.6,66.9,59.5,26807212544,19936693248,84869519,1057857976,217055,429069,278,12951,Running,82.7,Healthy,Normal
2026-07-14 12:52:10,18.6,69.8,59.6,26911920128,20138748928,84892461,1058048796,217139,429183,279,12957,Running,77.9,Healthy,Normal
2026-07-14 12:52:16,30.3,70.2,59.7,26937132544,20527658496,85027596,1060033983,217676,429805,279,12964,Running,75.9,Healthy,Normal
2026-07-14 12:52:22,25.4,70.2,59.8,26965810688,20721189888,85255415,1061354901,218130,430990,278,12970,Running,79.3,Healthy,Normal
2026-07-14 12:52:29,23.7,71.0,59.7,27068345856,20803552256,85379590,1061399994,218194,431100,278,12976,Running,78.4,Healthy,Normal
2026-07-14 12:52:35,23.5,70.8,59.7,27092745728,20875396096,85403507,1061404598,218211,431127,278,12982,Running,75.0,Healthy,Normal
2026-07-14 12:52:41,13.6,70.6,59.7,27102576128,20942025728,85416685,1061431225,218232,431160,278,12988,Running,81.4,Healthy,Normal
2026-07-14 12:52:47,16.3,70.9,59.7,27104587264,20981867520,85491616,1061510278,218288,431260,278,12994,Running,81.0,Healthy,Normal
2026-07-14 12:52:53,22.3,70.7,59.7,27107327488,21036794880,85539503,1061619388,218355,431367,278,13000,Running,79.5,Healthy,Normal
2026-07-14 12:52:59,22.1,70.5,59.7,27110362624,21065794560,85572604,1061622535,218365,431395,278,13006,Running,79.4,Healthy,Normal
2026-07-14 12:53:05,21.4,70.7,59.7,27117440512,21107889152,85648970,1061661768,218409,431487,283,13012,Running,79.2,Healthy,Normal
2026-07-14 12:53:11,18.4,71.0,59.7,27122064384,21143192576,85708184,1061741946,218457,431598,285,13018,Running,78.3,Healthy,Normal
2026-07-14 12:53:17,25.4,70.9,59.7,27135663104,21178549248,85718151,1061748606,218474,431616,285,13024,Running,77.5,Healthy,Normal
2026-07-14 12:53:23,25.6,71.8,59.8,27141172224,21226144768,85718621,1061751631,218481,431633,285,13030,Running,76.6,Healthy,Normal
2026-07-14 12:53:29,18.9,72.2,59.8,27149656064,21274670080,85720884,1061755791,218500,431654,284,13036,Running,78.7,Healthy,Normal
2026-07-14 12:53:35,24.2,72.5,59.8,27263518208,21311968256,85754878,1061767285,218547,431704,285,13042,Running,76.0,Healthy,Normal
2026-07-14 12:53:41,26.3,71.9,59.8,27267355136,21340722176,85755585,1061772346,218558,431729,285,13048,Running,73.8,Healthy,Normal
2026-07-14 12:53:47,31.0,72.2,59.8,27271955456,21372924928,85756118,1061776124,218566,431745,284,13054,Running,78.3,Healthy,Normal
2026-07-14 12:53:53,29.5,72.9,59.8,27279667712,21390220288,85912595,1061834917,218709,431854,283,13060,Running,73.9,Healthy,Normal
2026-07-14 12:53:59,18.4,73.1,59.8,27282874880,21407964160,85916435,1061848185,218728,431883,283,13067,Running,79.7,Healthy,Normal
2026-07-14 12:54:05,24.1,73.4,59.8,27288988672,21424446464,85925678,1061854424,218757,431919,283,13073,Running,76.9,Healthy,Normal
2026-07-14 12:54:11,18.8,73.3,59.9,27293463040,21451706880,85926258,1061860509,218764,431932,282,13079,Running,79.0,Healthy,Normal
2026-07-14 12:54:18,26.7,72.7,59.7,27303369216,21488255488,85938570,1061876020,218791,431960,282,13085,Running,80.8,Healthy,Normal
2026-07-14 12:54:24,22.2,73.0,59.7,27413297152,21519307264,85938769,1061877312,218794,431968,282,13091,Running,75.1,Healthy,Normal
2026-07-14 12:54:30,20.0,74.5,59.8,27424266240,21699023872,86044558,1061908270,218849,432078,280,13097,Running,78.0,Healthy,Normal
2026-07-14 12:54:36,13.7,75.2,59.9,27427117056,21878518784,86045035,1061909576,218857,432089,280,13103,Running,82.2,Healthy,Normal
2026-07-14 12:54:42,17.3,74.8,59.9,27430171136,22160339968,86048629,1061913504,218871,432108,279,13109,Running,80.6,Healthy,Normal
2026-07-14 12:54:48,24.1,74.6,59.9,27449634816,22341235712,86061679,1061934421,218922,432167,279,13115,Running,77.5,Healthy,Normal
2026-07-14 12:54:54,20.4,74.8,59.9,27450717696,22447426048,86087644,1061945280,218959,432210,279,13121,Running,79.6,Healthy,Normal
2026-07-14 12:55:00,20.4,74.2,59.9,27459782144,22548429312,86089462,1061947906,218973,432226,278,13127,Running,78.4,Healthy,Normal
2026-07-14 12:55:06,20.8,73.6,59.9,27464529408,22617467392,86092201,1061950834,218982,432240,278,13133,Running,79.9,Healthy,Normal
2026-07-14 12:55:12,17.8,73.5,59.9,27466917376,22693992960,86092426,1061951510,218985,432246,278,13139,Running,80.2,Healthy,Normal
2026-07-14 12:55:18,20.7,71.1,59.9,27470824960,22746872320,86106355,1061964303,219022,432287,273,13145,Running,79.0,Healthy,Normal
2026-07-14 12:55:24,13.4,70.6,59.9,27476555776,22771771904,86371959,1062527591,219310,432780,273,13151,Running,86.2,Healthy,Normal
2026-07-14 12:55:30,19.2,71.0,59.9,27482283520,22790854144,86764773,1062911968,219539,433297,273,13157,Running,86.6,Healthy,Normal
2026-07-14 12:55:36,18.4,73.7,59.9,27491904512,22821129216,86957969,1066703558,220179,435385,275,13164,Running,78.5,Healthy,Normal
2026-07-14 12:55:42,9.0,73.4,59.9,27494594560,22849904128,87052466,1067033511,220301,435596,276,13170,Running,83.8,Healthy,Normal
2026-07-14 12:55:48,11.0,73.0,59.9,27496089600,22868954624,87054735,1067036799,220312,435604,276,13176,Running,91.2,Healthy,Normal
2026-07-14 12:55:54,13.8,73.5,59.9,27498724864,22895408640,87130725,1067364945,220515,435913,278,13182,Running,85.7,Healthy,Normal
2026-07-14 12:56:00,19.1,73.7,59.9,27510028800,22914983424,87243108,1067886943,220838,436461,281,13188,Running,82.3,Healthy,Normal
2026-07-14 12:56:06,19.8,72.8,59.9,27520232448,22941104128,87379846,1069534466,221210,437808,280,13194,Running,80.3,Healthy,Normal
2026-07-14 12:56:12,14.1,72.9,59.9,27524398080,22962550784,87498978,1069771026,221493,438124,281,13200,Running,81.4,Healthy,Normal
2026-07-14 12:56:19,14.6,72.6,59.9,27527535616,22981740544,87554824,1069817406,221566,438227,281,13206,Running,86.4,Healthy,Normal
2026-07-14 12:56:25,12.2,73.0,59.9,27528936448,22993504256,87697436,1070146020,221776,438503,281,13212,Running,84.6,Healthy,Normal
2026-07-14 12:56:31,19.8,72.9,59.9,27535866880,23025178624,87805411,1070247952,221879,438686,279,13218,Running,85.8,Healthy,Normal
2026-07-14 12:56:37,13.1,72.4,59.9,27536960512,23031793664,87811373,1070250913,221887,438702,279,13224,Running,85.9,Healthy,Normal
2026-07-14 12:56:43,13.6,72.5,59.9,27538365440,23036553216,87849293,1070361351,221943,438818,279,13230,Running,86.6,Healthy,Normal
2026-07-14 12:56:49,13.8,72.5,59.9,27540102144,23041447936,87875372,1070393840,221976,438876,279,13236,Running,86.8,Healthy,Normal
2026-07-14 12:56:55,13.5,72.3,59.9,27540720640,23046363136,87875720,1070395957,221981,438887,279,13242,Running,87.7,Healthy,Normal
2026-07-14 12:57:01,14.9,72.4,59.9,27542494208,23054415872,87901342,1070420924,222030,438947,279,13248,Running,87.1,Healthy,Normal
2026-07-14 12:57:07,17.9,72.7,60.0,27546536960,23078062080,87966718,1070493974,222092,439050,280,13254,Running,85.1,Healthy,Normal
2026-07-14 12:57:13,17.0,72.7,60.0,27547835392,23085422592,87982784,1070501630,222115,439081,280,13260,Running,84.8,Healthy,Normal
2026-07-14 12:57:19,15.1,72.6,60.0,27548718080,23091283968,87989707,1070511208,222133,439108,281,13266,Running,85.4,Healthy,Normal
2026-07-14 12:57:25,13.3,72.8,60.0,27550729216,23104808960,88060488,1070542633,222191,439217,280,13272,Running,84.6,Healthy,Normal
2026-07-14 12:57:31,16.4,73.0,60.0,27555460096,23138887680,88065979,1070546573,222205,439238,279,13278,Running,84.9,Healthy,Normal
2026-07-14 12:57:37,14.7,73.6,60.2,28176322048,23698356224,88066292,1070549284,222210,439250,279,13284,Running,82.9,Healthy,Normal
2026-07-14 12:57:43,17.9,73.2,60.1,28444324864,23772354560,88086200,1070603911,222235,439286,284,13290,Running,82.8,Healthy,Normal
2026-07-14 12:57:49,20.8,73.2,60.1,28452281856,23818176512,88091210,1070643659,222253,439316,284,13296,Running,79.2,Healthy,Normal
2026-07-14 12:57:55,15.1,73.0,60.1,28478239232,23850362880,88091788,1070645838,222262,439328,284,13302,Running,82.9,Healthy,Normal
2026-07-14 12:58:01,22.6,72.9,60.1,28482544128,23889967104,88091932,1070648015,222264,439335,284,13308,Running,84.0,Healthy,Normal
2026-07-14 12:58:07,13.5,73.4,60.1,28492161536,23912380416,88103054,1070655584,222292,439380,287,13315,Running,83.5,Healthy,Normal
2026-07-14 12:58:13,25.6,74.2,60.2,28517896704,23940429824,88183584,1070733242,222381,439495,289,13321,Running,78.0,Healthy,Normal
2026-07-14 12:58:19,12.1,74.6,60.2,28536551424,23971518464,88195488,1070737964,222392,439518,285,13327,Running,79.0,Healthy,Normal
2026-07-14 12:58:25,17.0,74.8,60.2,28540856320,24028555264,88254190,1070761679,222439,439597,285,13333,Running,84.1,Healthy,Normal
2026-07-14 12:58:31,12.8,74.6,60.2,28546152448,24103802880,88259393,1070764892,222455,439617,285,13339,Running,86.4,Healthy,Normal
2026-07-14 12:58:38,14.1,74.5,60.2,28550801408,24133703680,88266953,1070775747,222471,439646,285,13345,Running,87.1,Healthy,Normal
2026-07-14 12:58:44,13.0,74.4,60.2,28554700800,24174995456,88267264,1070778131,222475,439656,283,13351,Running,86.4,Healthy,Normal
2026-07-14 12:58:50,12.0,74.5,60.2,28559214592,24197089280,88270136,1070781664,222486,439678,283,13357,Running,85.8,Healthy,Normal
2026-07-14 12:58:56,13.6,74.4,60.2,28563163136,24235644928,88270644,1070784065,222494,439689,283,13363,Running,85.4,Healthy,Normal
2026-07-14 12:59:02,9.9,74.4,60.2,28567259136,24249870336,88274634,1070786467,222509,439700,283,13369,Running,89.8,Healthy,Normal
2026-07-14 12:59:08,7.9,74.5,60.2,28570232832,24257361920,88337451,1070864873,222592,439816,283,13375,Running,90.3,Healthy,Normal
2026-07-14 12:59:14,9.8,74.1,60.2,28575197184,24286177280,88355015,1070880903,222619,439845,282,13381,Running,90.9,Healthy,Normal
2026-07-14 12:59:20,10.5,74.1,60.2,28577208320,24291481600,88355266,1070882595,222623,439854,282,13387,Running,90.3,Healthy,Normal
2026-07-14 12:59:26,18.0,74.2,60.2,28579362816,24298539008,88398655,1070897614,222668,439906,282,13393,Running,88.7,Healthy,Normal
2026-07-14 12:59:32,12.9,74.3,60.2,28580153344,24302856192,88431404,1070912120,222702,439977,282,13399,Running,85.5,Healthy,Normal
2026-07-14 12:59:38,14.4,74.0,60.2,28584386560,24328890368,88431736,1070914533,222708,439987,282,13405,Running,85.5,Healthy,Normal
2026-07-14 12:59:44,13.7,73.9,60.2,28585734144,24335718400,88432146,1070917079,222713,439997,281,13411,Running,86.9,Healthy,Normal
2026-07-14 12:59:50,14.2,74.0,60.2,28587360256,24341391360,88442300,1070922674,222737,440027,281,13417,Running,86.0,Healthy,Normal
2026-07-14 12:59:56,14.7,74.1,60.2,28588335104,24347506688,88489405,1071001326,222804,440129,281,13423,Running,85.6,Healthy,Normal
2026-07-14 13:00:02,12.5,74.1,60.2,28589281280,24352454656,88502882,1071008805,222826,440159,281,13429,Running,85.5,Healthy,Normal
2026-07-14 13:00:08,16.3,74.1,60.2,28590313472,24357677056,88574409,1071033501,222874,440251,281,13435,Running,84.3,Healthy,Normal
2026-07-14 13:00:14,17.5,74.0,60.2,28592160256,24362039296,88588057,1071042778,222902,440285,281,13441,Running,84.9,Healthy,Normal
2026-07-14 13:00:20,12.9,74.0,60.2,28593139200,24369117184,88645102,1071113386,222965,440385,281,13447,Running,86.1,Healthy,Normal
2026-07-14 13:00:26,13.2,73.8,60.2,28594310656,24374728704,88653925,1071118103,222982,440410,281,13453,Running,86.4,Healthy,Normal
2026-07-14 13:00:32,16.2,73.9,60.2,28608310784,24387282944,88656800,1071124992,222998,440431,283,13459,Running,86.3,Healthy,Normal
2026-07-14 13:00:38,16.9,74.2,60.2,28612959744,24407697408,88670710,1071128960,223017,440460,284,13465,Running,86.8,Healthy,Normal
2026-07-14 13:00:44,14.3,74.2,60.2,28614561280,24414840832,88711438,1071151713,223066,440522,284,13471,Running,84.7,Healthy,Normal
2026-07-14 13:00:50,12.3,74.3,60.3,28621635072,24419342336,88713682,1071155607,223077,440536,284,13477,Running,84.6,Healthy,Normal
2026-07-14 13:00:56,14.7,74.2,60.3,28672433664,24442910720,88713911,1071156759,223080,440540,283,13483,Running,87.4,Healthy,Normal
2026-07-14 13:01:02,13.7,74.5,60.3,28689698304,24487266304,88714244,1071157686,223085,440545,282,13489,Running,86.0,Healthy,Normal
2026-07-14 13:01:08,13.9,74.6,60.3,28701335040,24511244288,88714501,1071160189,223089,440554,281,13495,Running,86.4,Healthy,Normal
2026-07-14 13:01:14,13.4,74.7,60.3,28711525888,24524797952,88729472,1071169934,223116,440582,281,13501,Running,86.5,Healthy,Normal
2026-07-14 13:01:20,9.5,74.7,60.3,28715851264,24531699712,88729708,1071171817,223119,440587,281,13507,Running,89.0,Healthy,Normal
2026-07-14 13:01:26,13.3,74.8,60.3,28730486272,24544950272,88735236,1071260943,223151,440665,281,13514,Running,87.0,Healthy,Normal
2026-07-14 13:01:32,12.2,74.8,60.3,28776724992,24563558400,88735378,1071263685,223153,440674,281,13520,Running,87.4,Healthy,Normal
2026-07-14 13:01:38,13.7,74.6,60.3,28818373120,24580487168,88735550,1071264153,223156,440677,281,13526,Running,87.1,Healthy,Normal
2026-07-14 13:01:44,13.5,74.7,60.4,28830198272,24592721920,88735916,1071266605,223161,440688,281,13532,Running,86.7,Healthy,Normal
2026-07-14 13:01:50,11.7,74.9,60.4,28841744896,24618129408,88736120,1071270037,223164,440700,281,13538,Running,86.6,Healthy,Normal
2026-07-14 13:01:56,13.2,74.8,60.4,28871084544,24666085376,88736294,1071272165,223166,440706,281,13544,Running,87.1,Healthy,Normal
2026-07-14 13:02:02,11.8,75.0,60.4,28922210816,24714442752,88736376,1071272922,223167,440711,281,13550,Running,87.5,Healthy,Normal
2026-07-14 13:02:08,11.8,75.2,60.4,28969532416,24744871936,88739687,1071293972,223192,440741,281,13556,Running,87.5,Healthy,Normal
2026-07-14 13:02:15,13.2,75.3,60.4,29017441280,24775890944,88749654,1071308619,223216,440765,281,13562,Running,87.7,Healthy,Normal
2026-07-14 13:02:21,13.7,75.4,60.4,29080998912,24811874304,88749924,1071310593,223220,440772,281,13568,Running,86.2,Healthy,Normal
2026-07-14 13:02:27,7.5,75.4,60.4,29093725184,24825288704,88753084,1071321330,223231,440786,281,13574,Running,92.3,Healthy,Normal
2026-07-14 13:02:33,6.8,75.3,60.4,29103637504,24841680896,88760492,1071333231,223245,440805,281,13580,Running,92.8,Healthy,Normal
2026-07-14 13:02:39,6.8,75.5,60.4,29188601344,24925919232,88760749,1071334986,223249,440811,281,13586,Running,92.9,Healthy,Normal
2026-07-14 13:02:45,5.3,75.4,60.4,29355120128,25231951872,88761264,1071337073,223256,440822,281,13592,Running,94.9,Healthy,Normal
2026-07-14 13:02:51,17.7,75.3,60.4,29473053696,25478739968,88796872,1071357637,223318,440871,281,13598,Running,87.8,Healthy,Normal
2026-07-14 13:02:57,16.8,73.9,60.4,29552266752,25664182272,88865180,1071383284,223434,440979,281,13604,Running,81.8,Healthy,Normal
2026-07-14 13:03:03,18.3,74.1,60.4,29630448128,25854560256,88936286,1071411495,223548,441078,281,13610,Running,81.6,Healthy,Normal
2026-07-14 13:03:09,19.3,74.2,60.4,29703630336,25959553024,89004286,1071434315,223659,441170,281,13616,Running,81.3,Healthy,Normal
2026-07-14 13:03:15,17.5,74.3,60.4,29769833472,25962072064,89084108,1071463982,223785,441286,281,13622,Running,82.6,Healthy,Normal
2026-07-14 13:03:21,17.7,74.2,60.4,29832657920,25964521472,89145210,1071486601,223889,441370,281,13628,Running,82.1,Healthy,Normal
2026-07-14 13:03:27,18.9,74.3,60.4,29896663552,25967462400,89212644,1071519864,224009,441469,281,13634,Running,81.7,Healthy,Normal
2026-07-14 13:03:33,18.1,74.3,60.4,29937984512,25970001920,89275973,1071541020,224108,441547,281,13640,Running,81.0,Healthy,Normal
2026-07-14 13:03:39,17.0,74.3,60.4,30007876608,25971480576,89351145,1071581683,224245,441676,281,13646,Running,82.9,Healthy,Normal
2026-07-14 13:03:45,12.8,74.4,60.4,30067703808,25974310912,89398242,1071599082,224321,441745,284,13652,Running,84.6,Healthy,Normal
2026-07-14 13:03:51,19.5,75.3,60.4,30126351360,25997249024,89476239,1071653600,224476,441887,287,13658,Running,79.0,Healthy,Normal
2026-07-14 13:03:57,17.8,75.4,60.4,30204493312,26008840704,89554939,1071734153,224614,442011,288,13664,Running,82.3,Healthy,Normal
2026-07-14 13:04:03,9.9,75.5,60.4,30209922560,26013329920,89731364,1071967513,224736,442173,288,13670,Running,85.9,Healthy,Normal
2026-07-14 13:07:03,72.2,77.7,60.4,32644049920,26315821056,89909397,1072000636,224898,442323,291,13851,Running,93.4,Healthy,Normal
2026-07-14 13:07:10,13.8,76.7,60.4,32681513472,26350862848,89918413,1072000636,224946,442323,287,13857,Running,74.6,Healthy,Normal
2026-07-14 13:07:16,14.0,77.1,60.4,32703536640,26395628032,90048794,1072272266,225390,442776,288,13863,Running,83.1,Healthy,Normal
2026-07-14 13:07:22,16.4,77.5,60.5,32713851392,26436481536,90130300,1072385037,225579,442961,287,13869,Running,84.5,Healthy,Normal
2026-07-14 13:07:28,15.1,77.7,60.5,32717319680,26447135232,90239890,1072670361,225887,443284,286,13875,Running,83.3,Healthy,Normal
2026-07-14 13:07:34,21.2,78.5,60.5,32750105600,26458979840,90339673,1072919033,226164,443592,289,13881,Running,83.6,Healthy,Normal
2026-07-14 13:07:40,20.3,78.9,60.5,32765016576,26462109184,90492411,1073434000,226552,444111,289,13887,Running,81.4,Healthy,Normal
2026-07-14 13:07:46,19.5,79.0,60.5,32777189888,26474462720,90593989,1073665835,226805,444380,286,13893,Running,77.5,Healthy,Normal
2026-07-14 13:07:52,9.5,78.7,60.5,32782303232,26487070208,90772673,1073715304,226947,444589,286,13899,Running,86.6,Healthy,Normal
2026-07-14 13:07:58,14.7,78.8,60.5,32786269696,26499739136,90829356,1073734176,227048,444674,285,13905,Running,84.4,Healthy,Normal
2026-07-14 13:08:04,13.6,78.9,60.5,32788363264,26508078592,90879895,1073770369,227162,444786,284,13911,Running,85.0,Healthy,Normal
2026-07-14 13:08:10,18.3,78.6,60.5,32794064896,26538348032,90992659,1073861317,227322,444971,283,13917,Running,79.3,Healthy,Normal
2026-07-14 13:08:16,24.5,78.5,60.5,32800656384,26545396224,91064421,1073885071,227441,445082,284,13923,Running,80.8,Healthy,Normal
2026-07-14 13:08:22,20.7,78.7,60.5,32883715072,26578700800,91115629,1073917124,227554,445177,285,13929,Running,77.4,Healthy,Normal
2026-07-14 13:08:28,44.7,74.9,60.5,33239196672,26656321024,91303059,1074230920,227848,445619,282,13935,Running,75.2,Healthy,Normal
2026-07-14 13:08:34,31.0,76.0,60.5,33293064192,26749947392,91399393,1074648540,228126,446043,284,13941,Running,72.7,Healthy,Normal
2026-07-14 13:08:40,12.5,75.9,60.5,33306549760,26786450944,91470547,1075338111,228365,446393,282,13947,Running,82.7,Healthy,Normal
2026-07-14 13:08:46,25.0,76.0,60.5,33330743808,26824502784,91525496,1076627288,228671,446720,282,13953,Running,79.1,Healthy,Normal
2026-07-14 13:08:52,45.3,77.6,60.7,33555207168,26913574400,91631183,1077186188,228978,447006,291,13959,Running,53.6,Healthy,Normal
2026-07-14 13:08:58,53.4,77.5,60.7,33913366016,27371978240,92203927,1094981502,231030,449692,288,13965,Running,46.2,Healthy,Normal
2026-07-14 13:09:04,49.0,77.3,60.7,33967470080,27449605632,92381760,1098992823,231882,450900,288,13972,Running,48.7,Healthy,Normal
2026-07-14 13:09:10,16.6,77.0,60.7,34164218368,27626221056,92440916,1102756128,232302,451639,287,13978,Running,61.7,Healthy,Normal
2026-07-14 13:09:16,15.4,76.7,60.7,34237752832,27642011136,92500219,1102806281,232424,451761,286,13984,Running,83.3,Healthy,Normal
2026-07-14 13:09:22,23.7,76.8,60.5,34276380672,27672137216,92610892,1103109920,232826,452154,286,13990,Running,73.3,Healthy,Normal
2026-07-14 13:09:28,27.2,76.8,60.5,34318066688,27692551680,92724157,1103184163,233021,452342,285,13996,Running,78.7,Healthy,Normal
2026-07-14 13:09:34,15.2,76.7,60.5,34360651776,27713170944,92793378,1103210624,233148,452451,285,14002,Running,81.1,Healthy,Normal
2026-07-14 13:09:40,28.9,76.5,60.5,34402599424,27719450112,92873573,1103242698,233289,452579,285,14008,Running,76.1,Healthy,Normal
2026-07-14 13:09:46,19.6,76.7,60.5,34472532480,27817747968,92942228,1103275283,233420,452688,284,14014,Running,76.7,Healthy,Normal
2026-07-14 13:09:52,18.8,76.6,60.5,34514753024,27822700032,93015748,1103310860,233556,452806,282,14020,Running,78.4,Healthy,Normal
2026-07-14 13:09:58,27.4,76.8,60.5,34596892672,27855840768,93085534,1103338139,233691,452921,282,14026,Running,73.7,Healthy,Normal
2026-07-14 13:10:04,39.0,77.2,60.5,34656604672,27929475584,93170175,1103368194,233849,453064,283,14032,Running,66.8,Healthy,Normal
2026-07-14 13:10:10,24.4,77.8,60.6,34706839552,27940063744,93238937,1103393357,233976,453177,282,14038,Running,70.6,Healthy,Normal
2026-07-14 13:10:16,21.7,77.9,60.6,34754050048,27971275264,93317691,1103423968,234127,453311,280,14044,Running,76.3,Healthy,Normal
2026-07-14 13:10:22,23.5,78.6,60.6,34807848448,28010727936,93377543,1103445066,234241,453403,280,14050,Running,75.9,Healthy,Normal
2026-07-14 13:10:28,29.1,78.9,60.7,34923645440,28133689856,93462107,1103477638,234406,453551,280,14056,Running,74.7,Healthy,Normal
2026-07-14 13:10:34,17.4,78.8,60.7,34956422656,28157938176,93531549,1103504711,234540,453668,280,14062,Running,81.7,Healthy,Normal
2026-07-14 13:10:41,15.5,78.8,60.7,34989853696,28176693760,93600679,1103540458,234674,453793,280,14068,Running,83.1,Healthy,Normal
2026-07-14 13:10:47,15.8,78.8,60.7,35021061632,28193913344,93667966,1103565235,234803,453898,280,14074,Running,82.5,Healthy,Normal
2026-07-14 13:10:53,21.9,78.6,60.7,35051948032,28221520384,93736937,1103591828,234931,454012,280,14080,Running,80.7,Healthy,Normal
2026-07-14 13:10:59,22.7,78.7,60.7,35085318144,28256625152,93812889,1103620783,235074,454134,279,14086,Running,75.6,Healthy,Normal
2026-07-14 13:11:05,15.8,78.1,60.7,35134019072,28350370304,93879651,1103647446,235196,454238,277,14092,Running,77.9,Healthy,Normal
2026-07-14 13:11:11,13.9,78.1,60.7,35161409024,28356731392,93937953,1103668567,235304,454333,277,14098,Running,83.3,Healthy,Normal
2026-07-14 13:11:17,16.7,78.1,60.7,35178915840,28359328256,94010161,1103695415,235426,454440,277,14104,Running,80.0,Healthy,Normal
2026-07-14 13:11:23,13.9,78.1,60.7,35207805440,28361052672,94069907,1103718065,235537,454536,277,14110,Running,84.4,Healthy,Normal
2026-07-14 13:11:29,22.4,78.1,60.7,35241531904,28391870976,94134943,1103738001,235646,454618,277,14116,Running,81.9,Healthy,Normal
2026-07-14 13:11:35,20.1,78.0,60.7,35271503360,28417905152,94208135,1103764913,235782,454730,277,14122,Running,76.7,Healthy,Normal
2026-07-14 13:11:41,9.5,78.1,60.7,35307105792,28483838464,94220287,1103803701,235827,454794,277,14128,Running,86.9,Healthy,Normal
2026-07-14 13:11:47,9.7,78.0,60.7,35326467072,28489089536,94221582,1103807252,235843,454815,276,14134,Running,89.1,Healthy,Normal
2026-07-14 13:11:53,9.4,77.8,60.7,35351337984,28492730880,94222118,1103809046,235850,454825,276,14140,Running,88.0,Healthy,Normal
2026-07-14 13:11:59,15.2,77.8,60.7,35373114368,28496675328,94225292,1103813524,235868,454850,276,14146,Running,89.2,Healthy,Normal
2026-07-14 13:12:05,33.0,78.2,60.7,35471696896,28512231936,94232419,1103823565,235939,454938,280,14152,Running,76.0,Healthy,Normal
2026-07-14 13:12:11,16.5,77.9,60.7,35589969920,28542460416,94237344,1103834433,235959,454954,278,14158,Running,81.2,Healthy,Normal
2026-07-14 13:12:17,8.5,77.9,60.7,35621374464,28620804608,94250232,1103914005,235997,454996,278,14164,Running,87.5,Healthy,Normal
2026-07-14 13:12:23,8.9,77.9,60.7,35649957376,28624515584,94251233,1103917005,236010,455017,278,14170,Running,88.6,Healthy,Normal
2026-07-14 13:12:29,8.1,77.9,60.7,35669584896,28629574144,94252568,1103919349,236027,455035,278,14176,Running,90.2,Healthy,Normal
2026-07-14 13:12:35,8.6,77.8,60.7,35688430592,28632760832,94253623,1103923591,236040,455059,277,14182,Running,89.9,Healthy,Normal
2026-07-14 13:12:41,17.2,77.8,60.7,35711059456,28644614656,94258183,1103925978,236058,455078,277,14188,Running,87.3,Healthy,Normal
2026-07-14 13:12:47,15.6,77.8,60.7,35734197760,28670738944,94259486,1103927111,236074,455095,277,14194,Running,82.9,Healthy,Normal
2026-07-14 13:12:53,8.5,77.9,60.7,35769743360,28733374976,94260382,1103930505,236085,455113,277,14200,Running,87.0,Healthy,Normal
2026-07-14 13:12:59,9.7,77.8,60.7,35808943104,28739117568,94261442,1103932671,236098,455129,277,14206,Running,90.4,Healthy,Normal
2026-07-14 13:13:05,10.4,77.8,60.7,35855578112,28742687232,94262082,1103933964,236106,455138,276,14212,Running,90.1,Healthy,Normal
2026-07-14 13:13:11,9.1,77.7,60.7,35885372416,28747344384,94262973,1103935206,236118,455153,275,14218,Running,88.2,Healthy,Normal
2026-07-14 13:13:17,10.1,77.6,60.7,35936191488,28750338560,94271060,1103941629,236135,455175,274,14224,Running,90.1,Healthy,Normal
2026-07-14 13:13:23,16.7,77.6,60.7,35969451008,28760087040,94272067,1103945080,236148,455195,274,14230,Running,88.2,Healthy,Normal
2026-07-14 13:13:29,8.4,77.5,60.7,35994789888,28788247040,94274449,1103955201,236167,455219,274,14236,Running,84.9,Healthy,Normal
2026-07-14 13:13:35,8.2,77.4,60.7,36036568576,28896188928,94276544,1103966909,236187,455247,272,14242,Running,89.2,Healthy,Normal
2026-07-14 13:13:41,8.2,77.4,60.7,36049542144,28910004736,94281375,1103969629,236206,455269,272,14248,Running,91.8,Healthy,Normal
2026-07-14 13:13:47,6.7,77.4,60.7,36050832384,28917893632,94282820,1103973577,236224,455296,271,14254,Running,92.1,Healthy,Normal
2026-07-14 13:13:53,7.7,77.3,60.7,36051742720,28922923520,94283273,1103976001,236230,455307,273,14260,Running,87.9,Healthy,Normal
2026-07-14 13:13:59,13.8,77.3,60.7,36054247936,28938803712,94331175,1104010819,236333,455392,273,14266,Running,89.7,Healthy,Normal
2026-07-14 13:14:05,10.9,77.4,60.7,36055047680,28964461056,94403719,1104050588,236476,455519,273,14272,Running,87.2,Healthy,Normal
2026-07-14 13:14:11,15.1,77.4,60.7,36064312832,29053000192,94485083,1104103854,236628,455663,274,14278,Running,88.4,Healthy,Normal
2026-07-14 13:14:17,7.6,77.4,60.7,36065350656,29058398720,94575679,1104136182,236787,455791,273,14284,Running,90.7,Healthy,Normal
2026-07-14 13:14:23,7.6,77.4,60.7,36066260480,29060786688,94660945,1104175379,236950,455921,273,14290,Running,89.4,Healthy,Normal
2026-07-14 13:14:29,13.9,77.3,60.7,36066697216,29062322688,94745519,1104216331,237114,456061,273,14296,Running,89.4,Healthy,Normal
2026-07-14 13:14:35,13.9,77.3,60.7,36067382272,29072161280,94827307,1104245545,237264,456183,273,14302,Running,86.7,Healthy,Normal
2026-07-14 13:14:41,21.6,77.1,60.7,36068445184,29110671872,94909781,1104275919,237415,456316,275,14308,Running,83.6,Healthy,Normal
2026-07-14 13:14:47,12.9,77.0,60.7,36069083648,29202323968,94986550,1104306757,237562,456443,275,14314,Running,84.7,Healthy,Normal
2026-07-14 13:14:53,6.3,76.8,60.7,36088463360,29210644992,95060634,1104334237,237698,456558,270,14320,Running,89.7,Healthy,Normal
2026-07-14 13:14:59,9.6,76.8,60.7,36145672192,29211808256,95071432,1104341525,237728,456595,270,14326,Running,92.6,Healthy,Normal
2026-07-14 13:15:05,1.4,76.9,60.7,36146200576,29212148224,95084637,1104352327,237761,456633,270,14332,Running,92.7,Healthy,Normal
2026-07-14 13:15:11,7.7,76.9,60.7,36146434048,29226598912,95085363,1104352965,237770,456643,270,14338,Running,95.1,Healthy,Normal
2026-07-14 13:15:17,7.4,77.1,60.7,36146450432,29249077760,95093607,1104359552,237789,456665,270,14344,Running,92.0,Healthy,Normal
2026-07-14 13:15:23,1.6,76.8,60.7,36146753536,29310992896,95094610,1104362239,237802,456684,270,14350,Running,97.3,Healthy,Normal
2026-07-14 13:15:29,8.7,76.9,60.7,36235309056,29342065152,95101405,1104662698,237863,456767,270,14356,Running,89.3,Healthy,Normal
2026-07-14 13:15:35,2.7,76.9,60.7,36236161024,29437313536,95102124,1104665599,237872,456783,270,14362,Running,93.8,Healthy,Normal
2026-07-14 13:15:41,1.4,76.9,60.7,36237733888,29437952512,95107012,1104670210,237892,456812,270,14368,Running,98.2,Healthy,Normal
2026-07-14 13:15:47,5.0,76.8,60.7,36237975552,29438603776,95111349,1104682914,237919,456839,270,14374,Running,95.9,Healthy,Normal
2026-07-14 13:15:53,1.5,76.7,60.7,36238282752,29438767616,95111913,1104684012,237926,456847,270,14380,Running,95.5,Healthy,Normal
2026-07-14 13:15:59,1.9,76.8,60.7,36239223296,29439611392,95113078,1104687609,237940,456870,271,14386,Running,96.8,Healthy,Normal
2026-07-14 13:16:05,18.9,77.1,60.7,36244126208,29471613952,95124227,1104694600,237970,456900,274,14392,Running,83.3,Healthy,Normal
2026-07-14 13:16:11,17.8,77.5,60.7,36308092928,29586191872,95157172,1105534767,238271,457203,278,14398,Running,77.4,Healthy,Normal
2026-07-14 13:16:17,13.2,78.2,60.8,36342458880,29622248960,95178308,1106607914,238480,457414,278,14404,Running,87.0,Healthy,Normal
2026-07-14 13:16:23,7.9,77.9,60.9,36351986176,29630154240,95190008,1107714249,238644,457619,278,14411,Running,87.4,Healthy,Normal
2026-07-14 13:16:29,7.6,78.0,60.9,36359408128,29641414144,95220304,1113188159,239068,458170,278,14417,Running,89.9,Healthy,Normal
2026-07-14 13:16:35,11.4,78.3,61.0,36404858880,29674104832,95282731,1122092406,239772,459009,280,14423,Running,86.9,Healthy,Normal
2026-07-14 13:16:41,21.7,63.9,60.8,36599584768,29954000384,95366873,1134025208,240821,460258,282,14429,Running,70.1,Healthy,Normal
2026-07-14 13:16:47,18.4,64.1,60.8,36639663616,30046156288,95468057,1150240641,242103,461777,282,14435,Running,78.6,Healthy,Normal
2026-07-14 13:16:53,27.0,64.6,60.9,36937099264,30391686656,95561284,1164933794,243184,463005,282,14441,Running,69.5,Healthy,Normal
2026-07-14 13:16:59,46.7,65.1,60.9,37157507072,30523229696,95701183,1182622969,244970,464979,282,14447,Running,77.5,Healthy,Normal
2026-07-14 13:17:05,42.7,65.9,61.0,37636449792,30771362816,95788769,1190844213,245995,466149,302,14453,Running,56.9,Healthy,Normal
2026-07-14 13:17:11,19.6,66.3,61.0,37753285120,30906883072,95881594,1198628522,247041,467327,300,14459,Running,68.3,Healthy,Normal
2026-07-14 13:17:17,44.4,66.9,61.1,37945973760,31122595328,95990338,1209162588,248370,468889,299,14465,Running,58.1,Healthy,Normal
2026-07-14 13:17:23,49.6,67.6,61.1,38133413376,31320874496,95997794,1209854202,248472,468982,299,14471,Running,49.8,Healthy,Normal
2026-07-14 13:17:29,58.7,67.8,61.1,38313766912,31568944640,96053820,1216392198,249192,469769,300,14477,Running,51.2,Healthy,Normal
2026-07-14 13:17:35,45.5,68.3,61.1,38447149568,31698038272,96055383,1216393479,249218,469789,298,14483,Running,60.7,Healthy,Normal
2026-07-14 13:17:41,38.3,68.3,61.2,38564748800,31809110016,96092637,1217292243,249504,470127,298,14489,Running,55.8,Healthy,Normal
2026-07-14 13:17:47,40.5,68.7,61.3,38759984640,31968036352,96198855,1229364984,250787,471597,298,14495,Running,63.6,Healthy,Normal
2026-07-14 13:17:54,29.2,68.9,61.3,39023206400,32071919104,96358161,1247653102,253025,474146,297,14501,Running,62.9,Healthy,Normal
2026-07-14 13:18:00,48.5,68.9,61.4,39250958336,32160392704,96512712,1264851581,255187,476661,297,14507,Running,55.5,Healthy,Normal
2026-07-14 13:18:06,49.8,69.3,61.4,39601999360,32229206016,96685091,1282275595,257453,479465,299,14513,Running,55.9,Healthy,Normal
2026-07-14 13:18:12,55.6,69.4,61.5,39921266176,32395544576,96868941,1299086651,260117,482516,299,14519,Running,47.8,Healthy,Normal
2026-07-14 13:18:18,65.5,70.6,61.5,40500337664,32533510144,97012013,1308890345,261941,484550,300,14525,Running,40.3,Healthy,Normal
2026-07-14 13:18:24,54.4,70.9,61.5,40908740608,32680638464,97200028,1319528991,264450,487433,301,14531,Running,50.0,Healthy,Normal
2026-07-14 13:18:30,44.5,71.1,61.6,41323355648,32884426752,97221226,1320847817,264785,487729,302,14537,Running,49.6,Healthy,Normal
2026-07-14 13:18:36,41.4,71.3,61.6,41761463808,32987359744,97268121,1324459515,265382,488365,301,14543,Running,57.9,Healthy,Normal
2026-07-14 13:18:42,39.2,71.9,61.6,42120344576,33103923712,97303287,1327693408,265809,488827,302,14549,Running,55.9,Healthy,Normal
2026-07-14 13:18:48,38.0,72.3,61.7,42776224256,33225643008,97365344,1333993036,266666,489797,302,14555,Running,54.4,Healthy,Normal
2026-07-14 13:18:54,32.4,72.6,61.8,43177205248,33338239488,97444050,1341620542,267787,491052,302,14561,Running,63.3,Healthy,Normal
2026-07-14 13:19:00,30.7,72.2,61.8,43549247488,33482603008,97641474,1359366326,270627,494396,301,14567,Running,63.1,Healthy,Normal
2026-07-14 13:19:06,28.9,72.4,61.8,44157973504,33546566144,97776470,1369661335,272585,496761,301,14573,Running,68.1,Healthy,Normal
2026-07-14 13:19:12,38.4,72.4,61.8,45191870976,33677273600,98003591,1385362456,275859,500672,303,14579,Running,52.9,Healthy,Normal
2026-07-14 13:19:18,50.8,72.4,61.7,45602824192,33842870784,98226384,1401983669,278999,504438,302,14585,Running,50.6,Healthy,Normal
2026-07-14 13:19:24,48.6,72.6,61.6,45946137088,33954408960,98433953,1420261796,282000,507715,302,14591,Running,54.6,Healthy,Normal
2026-07-14 13:19:30,57.5,72.0,61.6,46315289600,34125540864,98438392,1420280538,282060,507751,303,14597,Running,46.9,Healthy,Normal
2026-07-14 13:19:36,33.9,72.4,61.6,46964841984,34214317568,98452827,1420300772,282112,507783,304,14603,Running,57.1,Healthy,Normal
2026-07-14 13:19:42,41.3,71.9,61.3,47205981184,34270060032,98500688,1420317345,282164,507837,306,14609,Running,59.0,Healthy,Normal
2026-07-14 13:19:48,20.2,71.4,61.2,47512895488,34334473728,98501450,1420318785,282180,507841,295,14615,Running,65.0,Healthy,Normal
2026-07-14 13:19:54,18.2,71.3,61.2,47832798208,34341867008,98501862,1420322288,282187,507854,294,14621,Running,82.7,Healthy,Normal
2026-07-14 13:20:00,13.9,71.7,61.2,48049031168,34342125056,98502075,1420322989,282191,507858,293,14627,Running,85.6,Healthy,Normal
2026-07-14 13:20:06,12.1,71.9,61.2,48236845056,34354589184,98508875,1420330799,282210,507880,291,14633,Running,85.3,Healthy,Normal
2026-07-14 13:20:12,18.3,72.0,61.2,48522574848,34361753088,98511920,1420333358,282226,507889,291,14639,Running,83.7,Healthy,Normal
2026-07-14 13:20:18,29.1,72.6,61.2,48783200768,34372632064,98519730,1420338832,282241,507904,294,14645,Running,80.3,Healthy,Normal
2026-07-14 13:20:24,12.8,72.9,61.2,49083150336,34381319680,98524430,1420351929,282262,507925,293,14651,Running,82.1,Healthy,Normal
2026-07-14 13:20:30,13.5,73.0,61.2,49466143232,34383588864,98524740,1420355370,282266,507936,293,14657,Running,85.5,Healthy,Normal
2026-07-14 13:20:36,14.0,72.9,61.2,49837388288,34399899648,98525062,1420356708,282270,507943,293,14663,Running,85.3,Healthy,Normal
2026-07-14 13:20:42,14.2,72.9,61.2,50052360704,34404663296,98535964,1420363130,282285,507964,293,14669,Running,85.5,Healthy,Normal
2026-07-14 13:20:48,15.8,69.4,61.2,50284674560,34472488960,98536145,1420365505,282289,507972,289,14675,Running,80.9,Healthy,Normal
2026-07-14 13:20:54,7.4,68.7,61.2,50308822528,34476302336,98537051,1420367888,282305,507982,289,14681,Running,89.5,Healthy,Normal
2026-07-14 13:21:00,6.4,68.6,61.2,50333607936,34478940160,98537524,1420370695,282314,507992,288,14687,Running,90.9,Healthy,Normal
2026-07-14 13:21:06,18.9,68.8,61.2,50393279488,34480926720,98542855,1420377752,282330,508008,288,14693,Running,87.6,Healthy,Normal
2026-07-14 13:21:12,12.8,69.0,61.2,50641026048,34482184192,98546062,1420396235,282351,508036,288,14699,Running,83.0,Healthy,Normal
2026-07-14 13:21:18,20.0,69.1,61.2,50669132800,34491453440,98554124,1420404030,282370,508059,288,14705,Running,82.3,Healthy,Normal
2026-07-14 13:21:24,16.0,68.2,61.1,50690849280,34532294656,98554570,1420405359,282377,508066,287,14711,Running,82.6,Healthy,Normal
2026-07-14 13:21:30,10.2,68.3,61.1,50692118528,34533752832,98555055,1420406131,282386,508069,287,14717,Running,84.7,Healthy,Normal
2026-07-14 13:21:36,15.0,68.3,61.0,50748110848,34544427008,98555660,1420408411,282398,508079,286,14723,Running,83.5,Healthy,Normal
2026-07-14 13:21:42,31.0,68.7,61.0,50843324416,34580595712,98559834,1420410902,282411,508093,282,14729,Running,72.0,Healthy,Normal
2026-07-14 13:21:48,26.4,69.8,61.0,51030660096,34614121472,98560380,1420412266,282422,508097,282,14735,Running,74.1,Healthy,Normal
2026-07-14 13:21:54,12.7,72.7,61.0,51138556928,34617779200,98560828,1420414454,282429,508106,282,14741,Running,81.5,Healthy,Normal
2026-07-14 13:22:00,14.4,69.9,61.0,51353073152,35069940736,98560954,1420415154,282432,508109,282,14747,Running,86.0,Healthy,Normal
2026-07-14 13:22:06,19.1,68.4,61.1,51586080768,35619861504,98570653,1420433230,282457,508133,288,14753,Running,82.5,Healthy,Normal
2026-07-14 13:22:12,5.4,70.7,61.1,52200848896,35637253120,98573837,1420436262,282474,508144,285,14759,Running,90.2,Healthy,Normal
2026-07-14 13:22:18,12.2,71.7,61.1,52398451712,35731862528,98586247,1420525602,282507,508180,285,14765,Running,89.0,Healthy,Normal
2026-07-14 13:22:24,5.6,72.6,61.1,52557678592,35733808128,98586868,1420526864,282516,508186,281,14771,Running,90.3,Healthy,Normal
2026-07-14 13:22:30,3.4,73.3,61.1,52993633792,35736225792,98587142,1420529956,282520,508196,279,14777,Running,93.2,Healthy,Normal
2026-07-14 13:22:36,1.6,73.1,61.0,53223500288,35967568896,98588522,1420533567,282533,508212,279,14784,Running,91.5,Healthy,Normal
2026-07-14 13:22:42,1.8,73.4,60.8,53267487744,35978288128,98606598,1420587901,282606,508295,279,14790,Running,94.5,Healthy,Normal
2026-07-14 13:22:48,8.5,73.3,60.8,53268081664,36008741888,98608690,1420590321,282620,508309,279,14796,Running,91.5,Healthy,Normal
2026-07-14 13:22:54,1.5,73.2,60.8,53269851648,36105792512,98609381,1420593320,282632,508322,279,14802,Running,94.0,Healthy,Normal
2026-07-14 13:23:00,8.2,72.8,60.8,53271727616,36126305280,98609842,1420594455,282641,508326,279,14808,Running,91.9,Healthy,Normal
2026-07-14 13:23:06,1.9,72.7,60.8,53271809536,36206971904,98610409,1420597224,282652,508336,279,14814,Running,92.5,Healthy,Normal
2026-07-14 13:23:12,7.9,72.6,60.8,53272291840,36232419328,98618035,1420598456,282664,508346,279,14820,Running,89.1,Healthy,Normal
2026-07-14 13:23:18,7.5,72.6,60.8,53276566016,36334286848,98635216,1420623645,282682,508374,281,14826,Running,91.2,Healthy,Normal
2026-07-14 13:23:24,2.0,72.3,60.8,53278380544,36346210304,98638687,1420637525,282700,508396,280,14832,Running,96.6,Healthy,Normal
2026-07-14 13:23:30,1.6,72.2,60.8,53278872064,36347181056,98638927,1420637585,282704,508397,280,14838,Running,96.0,Healthy,Normal
2026-07-14 13:23:36,11.4,72.1,60.8,53282685952,36369680896,98639705,1420639238,282718,508406,280,14844,Running,91.8,Healthy,Normal
2026-07-14 13:23:42,7.1,72.3,60.8,53322109440,36422552064,98643917,1420641811,282732,508424,279,14850,Running,88.1,Healthy,Normal
2026-07-14 13:23:48,4.2,72.1,60.8,53341337088,36451990016,98644514,1420644107,282744,508433,280,14856,Running,97.1,Healthy,Normal
2026-07-14 13:23:54,2.4,71.8,60.8,53346060800,36454377984,98653672,1420659697,282772,508459,279,14862,Running,95.1,Healthy,Normal
2026-07-14 13:24:00,1.8,71.7,60.8,53346757120,36456151552,98729207,1420672978,282810,508532,278,14868,Running,97.2,Healthy,Normal
2026-07-14 13:24:07,8.0,71.5,60.8,53346937344,36471478784,98729488,1420673685,282814,508534,278,14874,Running,90.6,Healthy,Normal
2026-07-14 13:24:13,7.3,71.5,60.8,53347105280,36551215616,98737682,1420677887,282834,508554,278,14880,Running,91.8,Healthy,Normal
2026-07-14 13:24:19,3.6,71.2,60.8,53347285504,36552227328,98737901,1420682853,282837,508563,278,14886,Running,96.4,Healthy,Normal
2026-07-14 13:24:25,1.7,71.0,60.8,53347551744,36553042432,98744020,1420688346,282860,508586,278,14892,Running,96.6,Healthy,Normal
2026-07-14 13:24:31,2.3,69.6,60.8,53348395520,36554081280,98753542,1420702373,282883,508608,276,14898,Running,96.5,Healthy,Normal
2026-07-14 13:24:37,16.2,69.3,60.8,53349071360,36570207232,98753815,1420705244,282887,508618,275,14904,Running,91.4,Healthy,Normal
2026-07-14 13:24:43,14.1,69.0,60.8,53350910464,36632708096,98757883,1420706385,282898,508629,276,14910,Running,87.2,Healthy,Normal
2026-07-14 13:24:49,2.5,68.5,60.8,53351491584,36662965248,98763466,1420719040,282918,508660,274,14916,Running,96.5,Healthy,Normal
2026-07-14 13:24:55,5.5,68.1,60.8,53351557120,36663493632,98764386,1420720970,282934,508674,274,14922,Running,96.7,Healthy,Normal
2026-07-14 13:25:01,3.1,67.8,60.8,53352810496,36663886848,98764834,1420722137,282943,508679,274,14928,Running,96.0,Healthy,Normal
2026-07-14 13:25:07,8.4,67.5,60.8,53353011200,36679115776,98765351,1420724221,282952,508687,274,14934,Running,92.7,Healthy,Normal
2026-07-14 13:25:13,7.8,67.3,60.8,53353230336,36761453568,98772903,1420726726,282963,508699,274,14940,Running,91.2,Healthy,Normal
2026-07-14 13:25:19,4.4,67.1,60.8,53353312256,36762330112,98773143,1420730394,282966,508703,274,14946,Running,97.2,Healthy,Normal
2026-07-14 13:25:25,2.5,66.7,60.8,53353435136,36763001856,98773650,1420732491,282974,508714,274,14952,Running,97.6,Healthy,Normal
2026-07-14 13:25:31,3.1,66.5,60.8,53353693184,36763501568,98774129,1420733956,282983,508721,273,14958,Running,96.9,Healthy,Normal
2026-07-14 13:25:37,7.3,66.4,60.8,53353918464,36778693632,98774833,1420735844,282996,508728,273,14964,Running,93.0,Healthy,Normal
2026-07-14 13:25:43,4.8,66.1,60.8,53354115072,36886520832,98778759,1420738233,283006,508739,273,14970,Running,91.9,Healthy,Normal
2026-07-14 13:25:49,2.8,65.9,60.8,53354196992,36887651328,98779410,1420739499,283019,508745,273,14976,Running,97.1,Healthy,Normal
2026-07-14 13:25:55,2.3,65.8,60.8,53354428928,36888081408,98783195,1420756024,283035,508762,273,14982,Running,97.5,Healthy,Normal
2026-07-14 13:26:01,1.8,65.6,60.8,53354708992,36888613888,98783408,1420760092,283039,508774,274,14988,Running,96.7,Healthy,Normal
2026-07-14 13:26:07,7.1,65.4,60.8,53354823680,36903748608,98783686,1420761518,283043,508779,274,14994,Running,91.7,Healthy,Normal
2026-07-14 13:26:13,5.2,65.4,60.8,53356888064,37011444736,98792443,1420766068,283067,508792,274,15000,Running,92.4,Healthy,Normal
2026-07-14 13:26:19,1.0,65.2,60.8,53356986368,37012317184,98792882,1420768145,283076,508800,274,15006,Running,97.7,Healthy,Normal
2026-07-14 13:26:25,1.8,65.1,60.8,53357182976,37012792320,98793585,1420770115,283088,508808,274,15012,Running,97.6,Healthy,Normal
2026-07-14 13:26:31,1.3,64.9,60.8,53357330432,37013255168,98793930,1420770966,283093,508812,274,15018,Running,97.0,Healthy,Normal
2026-07-14 13:26:37,7.7,64.9,60.8,53359771648,37027308544,98794170,1420772744,283096,508818,275,15024,Running,92.8,Healthy,Normal
2026-07-14 13:26:43,10.4,64.9,60.8,53442878464,37061784576,98798217,1420775639,283107,508832,275,15030,Running,86.9,Healthy,Normal
2026-07-14 13:26:49,12.0,65.0,60.8,53617235968,37135053824,98798612,1420776720,283113,508835,275,15036,Running,86.2,Healthy,Normal
2026-07-14 13:26:55,6.9,64.9,60.8,53869691392,37217461248,98802448,1420789526,283134,508853,275,15042,Running,91.1,Healthy,Normal
2026-07-14 13:27:01,7.0,64.9,60.8,54123230720,37333857280,98802850,1420790717,283141,508858,275,15048,Running,92.0,Healthy,Normal
2026-07-14 13:27:07,12.1,64.9,60.8,54271277056,37403259904,98808209,1420797853,283156,508875,274,15054,Running,86.8,Healthy,Normal
2026-07-14 13:27:13,7.9,64.8,60.8,54273255424,37512958976,98823463,1420809105,283184,508901,274,15060,Running,91.6,Healthy,Normal
2026-07-14 13:27:19,2.2,64.7,60.8,54273826816,37515039744,98831574,1420892722,283214,508946,274,15066,Running,96.7,Healthy,Normal
2026-07-14 13:27:25,3.8,64.6,60.8,54273933312,37515613184,98832138,1420894563,283221,508954,274,15072,Running,97.4,Healthy,Normal
2026-07-14 13:27:31,4.5,64.5,60.8,54274031616,37516174336,98832607,1420896398,283229,508961,274,15078,Running,96.9,Healthy,Normal
2026-07-14 13:27:37,1.6,64.4,60.8,54274359296,37516903424,98833242,1420897231,283242,508965,274,15084,Running,97.1,Healthy,Normal
2026-07-14 13:27:43,14.3,64.4,60.8,54274891776,37546214400,98837151,1420900161,283251,508979,273,15090,Running,90.6,Healthy,Normal
2026-07-14 13:27:49,8.2,64.5,60.8,54274924544,37639713792,98837630,1420901238,283261,508982,273,15096,Running,85.8,Healthy,Normal
2026-07-14 13:27:55,9.8,64.4,60.8,54274973696,37640385536,98838076,1420904248,283268,508994,273,15102,Running,90.5,Healthy,Normal
2026-07-14 13:28:01,18.3,64.4,60.8,54287384576,37661565952,98838312,1420905832,283273,509001,273,15108,Running,86.3,Healthy,Normal
2026-07-14 13:28:07,8.1,64.3,60.8,54290673664,37682947072,98838684,1420908650,283278,509010,273,15114,Running,85.2,Healthy,Normal
2026-07-14 13:28:13,23.1,64.4,60.8,54290903040,37705446400,98852181,1420915567,283300,509030,274,15120,Running,84.0,Healthy,Normal
2026-07-14 13:28:19,21.2,64.3,60.8,54292905984,37795410944,98852334,1420916866,283302,509033,274,15126,Running,77.6,Healthy,Normal
2026-07-14 13:28:25,15.7,64.4,60.8,54294089728,37810250752,98852712,1420918742,283308,509042,274,15132,Running,83.9,Healthy,Normal
2026-07-14 13:28:31,15.9,64.3,60.8,54296350720,37826393088,98853146,1420921968,283316,509054,274,15138,Running,83.5,Healthy,Normal
2026-07-14 13:28:37,13.1,64.3,60.8,54328791040,37865726976,98853424,1420924146,283320,509061,274,15144,Running,87.4,Healthy,Normal
2026-07-14 13:28:43,19.9,64.5,60.8,54389854208,37963969536,98857655,1420926834,283334,509076,272,15150,Running,79.4,Healthy,Normal
2026-07-14 13:28:49,8.0,64.0,60.8,54509641728,38073328640,98858027,1420927531,283340,509082,271,15157,Running,84.0,Healthy,Normal
2026-07-14 13:28:55,8.6,64.3,60.8,54640697344,38075270144,98858589,1420930466,283348,509094,271,15163,Running,90.5,Healthy,Normal
2026-07-14 13:29:01,7.9,64.3,60.8,54641139712,38076724224,98858808,1420932183,283351,509098,271,15169,Running,91.0,Healthy,Normal
2026-07-14 13:29:07,8.3,64.2,60.8,54641963008,38077604864,98859308,1420934027,283358,509104,271,15175,Running,90.7,Healthy,Normal
2026-07-14 13:29:13,16.4,64.2,60.8,54642061312,38107091968,98866845,1420938154,283369,509116,271,15181,Running,84.5,Healthy,Normal
2026-07-14 13:29:19,13.7,64.2,60.8,54642126848,38172685312,98867053,1420941188,283372,509125,271,15187,Running,84.9,Healthy,Normal
2026-07-14 13:29:25,14.3,64.4,60.8,54642274304,38177805312,98867386,1420943436,283377,509134,272,15193,Running,87.1,Healthy,Normal
2026-07-14 13:29:31,14.3,64.5,60.8,54644002816,38196564992,98867934,1420944705,283386,509140,272,15199,Running,84.1,Healthy,Normal
2026-07-14 13:29:37,16.2,64.7,60.8,54647553024,38210688512,98868276,1420947495,283392,509150,272,15205,Running,82.7,Healthy,Normal
2026-07-14 13:29:43,29.2,64.7,60.8,54653463552,38266304000,98872543,1420949492,283406,509161,274,15211,Running,73.3,Healthy,Normal
2026-07-14 13:29:49,15.3,64.6,60.8,54676425728,38389151232,98876925,1420957856,283423,509179,272,15217,Running,74.8,Healthy,Normal
2026-07-14 13:29:55,11.6,64.8,60.9,54723382272,38456534528,98877300,1420959826,283428,509188,272,15223,Running,87.9,Healthy,Normal
2026-07-14 13:30:01,15.0,64.9,60.9,54759262208,38485517824,98883838,1420966984,283442,509208,272,15229,Running,86.6,Healthy,Normal
2026-07-14 13:30:07,14.1,64.9,60.9,54836388864,38515889664,98887663,1421005612,283457,509232,271,15235,Running,83.8,Healthy,Normal
2026-07-14 13:30:13,23.8,65.0,60.9,54950640640,38551418368,98895782,1421010583,283478,509245,271,15241,Running,77.3,Healthy,Normal
2026-07-14 13:30:19,14.5,64.9,60.9,55123688960,38662284800,98895990,1421013905,283481,509255,271,15247,Running,79.4,Healthy,Normal
2026-07-14 13:30:26,15.7,64.9,60.9,55176133632,38681601536,98896584,1421014158,283491,509259,271,15253,Running,85.4,Healthy,Normal
2026-07-14 13:30:32,8.8,64.8,60.8,55193263104,38684284416,98905726,1421037712,283515,509284,271,15259,Running,86.9,Healthy,Normal
2026-07-14 13:30:38,22.3,64.7,60.8,55470652928,38712903168,98909610,1421040040,283523,509293,272,15265,Running,83.8,Healthy,Normal
2026-07-14 13:30:44,21.2,65.0,60.8,55512198144,38764340736,98909840,1421041934,283526,509304,272,15271,Running,80.6,Healthy,Normal
2026-07-14 13:30:50,14.2,65.1,60.8,55582789120,38842639872,98910105,1421042412,283532,509307,272,15277,Running,84.1,Healthy,Normal
2026-07-14 13:30:56,16.0,65.1,60.8,55615311360,38856435200,98910717,1421045639,283543,509319,272,15283,Running,84.8,Healthy,Normal
2026-07-14 13:31:02,14.2,65.1,60.8,55655145984,38871107072,98911069,1421047130,283550,509324,273,15289,Running,84.5,Healthy,Normal
2026-07-14 13:31:08,15.1,65.0,60.8,55663110144,38892160512,98914276,1421077898,283561,509348,273,15295,Running,80.9,Healthy,Normal
2026-07-14 13:31:14,13.0,65.1,60.8,55663945728,39001744896,98922267,1421083746,283580,509366,273,15301,Running,84.4,Healthy,Normal
2026-07-14 13:31:20,8.0,65.0,60.8,55664498688,39004202496,98922464,1421085105,283583,509370,273,15307,Running,90.9,Healthy,Normal
2026-07-14 13:31:26,8.7,64.4,60.8,55665829888,39024043520,98922825,1421087349,283588,509378,273,15313,Running,88.9,Healthy,Normal
2026-07-14 13:31:32,8.8,64.5,60.8,55665928192,39024547328,98923520,1421090243,283599,509390,273,15319,Running,90.9,Healthy,Normal
2026-07-14 13:31:38,15.8,64.6,60.8,55669034496,39028225536,98927725,1421092514,283613,509399,274,15325,Running,88.2,Healthy,Normal
2026-07-14 13:31:44,20.3,64.6,60.8,55670361600,39050266112,98928263,1421094987,283621,509410,274,15331,Running,79.2,Healthy,Normal
2026-07-14 13:31:50,24.6,64.7,60.8,55678008832,39145403904,98928568,1421097891,283626,509418,275,15337,Running,77.8,Healthy,Normal
2026-07-14 13:31:56,38.7,64.3,60.8,55930028544,39157708288,98928932,1421099203,283631,509425,275,15343,Running,61.6,Healthy,Normal
2026-07-14 13:32:02,13.8,64.3,60.8,56010588160,39162476032,98928998,1421099903,283632,509428,275,15349,Running,78.1,Healthy,Normal
2026-07-14 13:32:08,15.1,64.4,60.8,56022198272,39193231360,98951175,1421169712,283687,509502,275,15355,Running,73.0,Healthy,Normal
2026-07-14 13:32:14,13.9,64.0,60.8,56024262656,39234285568,98959193,1421176066,283706,509519,274,15361,Running,83.2,Healthy,Normal
2026-07-14 13:32:20,1.7,63.8,60.8,56024573952,39336235008,98970287,1421259140,283749,509562,274,15367,Running,92.4,Healthy,Normal
2026-07-14 13:32:26,5.3,63.7,60.8,56046735360,39337582592,98973651,1421268471,283775,509580,274,15373,Running,95.7,Healthy,Normal
2026-07-14 13:32:32,2.0,63.8,60.8,56047229440,39338074112,98976883,1421281097,283789,509597,274,15379,Running,97.2,Healthy,Normal
2026-07-14 13:32:38,3.6,63.7,60.8,56047524352,39338868736,98980797,1421283081,283798,509610,274,15385,Running,97.4,Healthy,Normal
2026-07-14 13:32:44,8.9,63.8,60.8,56047643136,39368110080,98981111,1421285394,283803,509618,274,15391,Running,92.0,Healthy,Normal
2026-07-14 13:32:50,5.8,63.8,60.8,56047725056,39450685440,98981538,1421286202,283810,509623,274,15397,Running,92.8,Healthy,Normal
2026-07-14 13:32:56,1.0,63.7,60.8,56048847360,39451848704,98982414,1421288072,283825,509636,274,15403,Running,95.8,Healthy,Normal
2026-07-14 13:33:02,4.3,63.7,60.8,56048933376,39452467200,98982719,1421289563,283830,509642,274,15409,Running,96.7,Healthy,Normal
2026-07-14 13:33:08,1.9,63.6,60.8,56049195520,39453433856,98989814,1421299377,283854,509659,274,15415,Running,97.5,Healthy,Normal
2026-07-14 13:33:14,7.9,63.5,60.8,56049277440,39475834880,98997577,1421305444,283869,509678,274,15421,Running,92.0,Healthy,Normal
2026-07-14 13:33:20,1.6,63.4,60.8,56049469952,39576621056,98997790,1421306451,283873,509681,274,15427,Running,93.5,Healthy,Normal
2026-07-14 13:33:26,1.5,63.4,60.8,56049469952,39577292800,98999864,1421311963,283886,509693,273,15433,Running,97.7,Healthy,Normal
2026-07-14 13:33:32,1.8,63.3,60.8,56052804096,39585120256,99000399,1421314771,283895,509703,272,15439,Running,97.0,Healthy,Normal
2026-07-14 13:33:38,4.2,63.4,60.8,56052935168,39585824768,99004524,1421316124,283907,509714,272,15445,Running,96.8,Healthy,Normal
2026-07-14 13:33:44,8.7,63.4,60.8,56053045760,39607840768,99004976,1421317050,283915,509718,272,15451,Running,92.5,Healthy,Normal
2026-07-14 13:33:50,1.3,63.4,60.8,56053081088,39680741376,99007563,1421328611,283932,509734,272,15457,Running,92.7,Healthy,Normal
2026-07-14 13:33:56,6.4,63.4,60.8,56056283648,39683899392,99014215,1421340582,283949,509752,273,15463,Running,95.0,Healthy,Normal
2026-07-14 13:34:02,1.7,63.4,60.8,56059724288,39690694656,99068104,1421356610,283972,509799,272,15469,Running,95.8,Healthy,Normal
2026-07-14 13:34:08,8.9,63.5,60.8,56066357248,39741661184,99159442,1421450978,284027,509907,273,15475,Running,86.5,Healthy,Normal
2026-07-14 13:34:14,4.6,63.5,60.8,56068904960,39851225088,99268342,1421544238,284083,510005,273,15481,Running,91.1,Healthy,Normal
2026-07-14 13:34:20,4.4,63.5,60.8,56074095616,39856947200,99328816,1421622714,284114,510061,274,15487,Running,93.8,Healthy,Normal
2026-07-14 13:34:26,2.5,63.5,60.8,56074537984,39879553024,99475518,1421710524,284155,510163,273,15493,Running,95.6,Healthy,Normal
2026-07-14 13:34:32,12.6,63.6,60.8,56075131904,39930703872,99529039,1421804318,284233,510268,274,15499,Running,88.6,Healthy,Normal
2026-07-14 13:34:38,2.3,63.6,60.8,56075267072,40034099200,99535209,1421810577,284250,510294,273,15505,Running,92.4,Healthy,Normal
2026-07-14 13:34:44,7.1,63.6,60.8,56093876736,40035205120,99535611,1421814121,284256,510306,275,15511,Running,93.0,Healthy,Normal
2026-07-14 13:34:50,2.0,63.7,60.8,56140161536,40036589568,99550218,1421819398,284281,510323,273,15517,Running,95.5,Healthy,Normal
2026-07-14 13:34:56,7.6,63.7,60.8,56140321280,40058740736,99550707,1421822548,284289,510334,273,15523,Running,92.2,Healthy,Normal
2026-07-14 13:35:02,1.2,63.7,60.8,56141140480,40133287936,99551007,1421825315,284294,510343,273,15529,Running,93.6,Healthy,Normal
2026-07-14 13:35:08,1.1,63.7,60.8,56141259264,40133910528,99551432,1421826376,284302,510346,273,15535,Running,97.9,Healthy,Normal
2026-07-14 13:35:14,1.1,63.7,60.8,56141642752,40135077888,99561173,1421841876,284323,510369,272,15541,Running,97.2,Healthy,Normal
2026-07-14 13:35:20,8.0,63.7,60.8,56142003200,40152403968,99561528,1421843318,284329,510374,272,15547,Running,92.8,Healthy,Normal
2026-07-14 13:35:26,3.6,63.7,60.8,56142298112,40258392064,99561919,1421846104,284335,510384,272,15553,Running,91.4,Healthy,Normal
2026-07-14 13:35:32,2.7,63.6,60.8,56142429184,40259219456,99562391,1421847384,284342,510390,272,15559,Running,97.0,Healthy,Normal
2026-07-14 13:35:38,2.7,63.7,60.8,56142494720,40259928064,99566354,1421850418,284354,510405,272,15565,Running,97.0,Healthy,Normal
2026-07-14 13:35:44,7.0,63.7,60.8,56142874624,40274960384,99566770,1421852050,284360,510411,272,15571,Running,92.8,Healthy,Normal
2026-07-14 13:35:50,5.4,64.0,60.8,56143277568,40382861312,99567202,1421853528,284367,510417,272,15577,Running,92.0,Healthy,Normal
2026-07-14 13:35:56,4.9,63.4,60.8,56143539712,40383582208,99567649,1421855869,284374,510427,272,15584,Running,93.7,Healthy,Normal
2026-07-14 13:36:02,1.0,63.3,60.8,56143695360,40384667648,99567857,1421856712,284377,510432,273,15590,Running,96.1,Healthy,Normal
2026-07-14 13:36:08,7.9,63.4,60.8,56144432640,40401121280,99568090,1421858813,284381,510438,272,15596,Running,91.9,Healthy,Normal
2026-07-14 13:36:14,2.1,63.4,60.8,56145120768,40480735232,99576309,1421863518,284403,510451,272,15602,Running,92.2,Healthy,Normal
2026-07-14 13:36:20,2.0,63.3,60.8,56145120768,40481472512,99576593,1421866271,284407,510460,272,15608,Running,97.6,Healthy,Normal
2026-07-14 13:36:26,3.3,63.3,60.8,56145137152,40482377728,99577058,1421867723,284415,510465,272,15614,Running,97.1,Healthy,Normal
2026-07-14 13:36:32,12.6,63.4,60.8,56166547456,40505257984,99577424,1421869333,284420,510473,272,15620,Running,91.5,Healthy,Normal
2026-07-14 13:36:38,7.9,63.4,60.8,56168358912,40612573184,99581497,1421871224,284430,510482,272,15626,Running,91.5,Healthy,Normal
2026-07-14 13:36:44,2.6,63.3,60.8,56168358912,40613572608,99581586,1421873954,284431,510491,272,15632,Running,96.9,Healthy,Normal
2026-07-14 13:36:50,2.5,63.4,60.8,56168743936,40614690816,99582030,1421874157,284439,510494,272,15638,Running,97.3,Healthy,Normal
2026-07-14 13:36:56,7.2,63.4,60.8,56169169920,40644059136,99589717,1421883608,284458,510517,272,15644,Running,92.3,Healthy,Normal
2026-07-14 13:37:02,1.8,63.5,60.8,56170955776,40715362304,99590167,1421884808,284466,510522,272,15650,Running,93.1,Healthy,Normal
2026-07-14 13:37:08,3.6,63.5,60.8,56171447296,40716951552,99590793,1421887437,284477,510535,272,15656,Running,95.4,Healthy,Normal
2026-07-14 13:37:14,1.2,63.4,60.8,56171779072,40718651392,99604770,1421898810,284504,510566,272,15662,Running,97.0,Healthy,Normal
2026-07-14 13:37:21,7.9,63.5,60.8,56172196864,40734826496,99609036,1421984609,284530,510597,272,15668,Running,92.6,Healthy,Normal
2026-07-14 13:37:27,6.5,63.7,60.8,56187762688,40817225728,99617723,1421992329,284549,510618,276,15674,Running,89.8,Healthy,Normal
2026-07-14 13:37:33,1.0,63.6,60.8,56190453760,40818384896,99625036,1422003717,284584,510648,275,15680,Running,96.3,Healthy,Normal
2026-07-14 13:37:39,3.9,63.6,60.8,56191600640,40819572736,99629191,1422006704,284596,510661,275,15686,Running,97.1,Healthy,Normal
2026-07-14 13:37:45,8.3,63.5,60.8,56191617024,40841838592,99629609,1422008467,284604,510667,275,15692,Running,93.2,Healthy,Normal
2026-07-14 13:37:51,3.4,63.6,60.8,56191633408,40914534400,99629993,1422009261,284611,510670,275,15698,Running,92.4,Healthy,Normal
2026-07-14 13:37:57,1.6,63.6,60.8,56191780864,40915292160,99630233,1422011752,284615,510680,275,15704,Running,97.8,Healthy,Normal
2026-07-14 13:38:03,4.5,63.5,60.8,56192423936,40916447232,99630588,1422014569,284621,510690,274,15710,Running,95.4,Healthy,Normal
2026-07-14 13:38:09,8.9,63.5,60.8,56192505856,40945786880,99631002,1422017233,284627,510698,273,15716,Running,91.8,Healthy,Normal
2026-07-14 13:38:15,2.1,63.6,60.8,56193251328,41022689280,99644284,1422024153,284646,510718,273,15722,Running,93.4,Healthy,Normal
2026-07-14 13:38:21,4.1,63.5,60.8,56193251328,41023176704,99644613,1422026379,284651,510728,273,15728,Running,96.6,Healthy,Normal
2026-07-14 13:38:27,4.0,63.5,60.8,56193333248,41024163840,99645081,1422027494,284658,510732,273,15734,Running,97.0,Healthy,Normal
2026-07-14 13:38:33,7.0,63.5,60.8,56194344960,41053712384,99645403,1422030377,284662,510743,273,15740,Running,92.4,Healthy,Normal
2026-07-14 13:38:39,1.6,63.6,60.8,56194365440,41134276608,99651388,1422043750,284678,510764,273,15746,Running,92.8,Healthy,Normal
2026-07-14 13:38:45,0.8,63.5,60.8,56194410496,41135280128,99651388,1422045333,284678,510771,273,15752,Running,97.0,Healthy,Normal
2026-07-14 13:38:51,1.7,63.5,60.8,56194877440,41136214016,99651910,1422046969,284686,510779,273,15758,Running,97.5,Healthy,Normal
2026-07-14 13:38:57,7.6,63.4,60.8,56194918400,41154162688,99652417,1422049906,284695,510789,272,15764,Running,92.0,Healthy,Normal
2026-07-14 13:39:03,2.2,63.5,60.8,56195586048,41250787328,99660061,1422057019,284715,510811,272,15770,Running,91.3,Healthy,Normal
2026-07-14 13:39:09,3.7,63.6,60.8,56197103104,41251938304,99671718,1422065677,284742,510835,273,15776,Running,94.8,Healthy,Normal
2026-07-14 13:39:15,2.3,63.6,60.8,56197836288,41253822464,99754817,1422089490,284804,510924,273,15782,Running,95.5,Healthy,Normal
2026-07-14 13:39:21,15.2,64.0,60.8,56228274688,41277345792,99759883,1422100729,284819,510938,282,15788,Running,82.2,Healthy,Normal
2026-07-14 13:39:27,1.7,63.9,60.8,56230402560,41355882496,99778497,1422131312,284851,510976,281,15794,Running,89.9,Healthy,Normal
2026-07-14 13:39:33,5.6,63.9,60.8,56231026176,41357946880,99778924,1422134224,284858,510988,280,15800,Running,94.1,Healthy,Normal
2026-07-14 13:39:39,1.9,63.9,60.8,56231435776,41359671296,99783097,1422136216,284871,510999,280,15806,Running,96.1,Healthy,Normal
2026-07-14 13:39:45,13.7,64.0,60.8,56232237568,41383170048,99783463,1422138263,284877,511006,281,15812,Running,86.6,Healthy,Normal
2026-07-14 13:39:51,4.2,63.9,60.8,56232897024,41486999552,99784064,1422139675,284888,511014,279,15818,Running,91.9,Healthy,Normal
2026-07-14 13:39:57,7.4,63.8,60.8,56235772416,41488277504,99806508,1422153865,284919,511063,279,15824,Running,94.3,Healthy,Normal
2026-07-14 13:40:03,1.8,63.9,60.8,56236079616,41489055744,99813350,1422161241,284937,511082,277,15830,Running,97.2,Healthy,Normal
2026-07-14 13:40:09,7.9,63.8,60.8,56236292608,41512112128,99813691,1422163961,284943,511091,276,15836,Running,91.8,Healthy,Normal
2026-07-14 13:40:15,1.8,63.8,60.8,56236444160,41584152576,99821596,1422168802,284960,511104,276,15842,Running,93.0,Healthy,Normal
2026-07-14 13:40:21,6.2,63.6,60.8,56236567040,41584705536,99833500,1422169805,284969,511115,274,15848,Running,96.9,Healthy,Normal
2026-07-14 13:40:27,0.9,63.7,60.8,56239041024,41592537088,99840109,1422173213,284984,511134,274,15854,Running,97.6,Healthy,Normal
2026-07-14 13:40:33,8.5,63.7,60.8,56239450624,41614839808,99840403,1422174703,284988,511140,274,15860,Running,91.3,Healthy,Normal
2026-07-14 13:40:39,1.3,63.7,60.8,56240204288,41716080640,99844427,1422178172,284998,511157,274,15866,Running,93.3,Healthy,Normal
2026-07-14 13:40:45,3.7,63.6,60.8,56240204288,41716662272,99844514,1422180684,284999,511167,274,15872,Running,95.8,Healthy,Normal
2026-07-14 13:40:51,1.6,63.6,60.8,56240237056,41717641216,99845279,1422181973,285011,511180,274,15878,Running,96.9,Healthy,Normal
2026-07-14 13:40:57,10.4,63.7,60.8,56240335360,41733423104,99845576,1422185177,285015,511192,273,15884,Running,92.1,Healthy,Normal
2026-07-14 13:41:03,7.2,63.6,60.8,56240417280,41839886336,99845816,1422185973,285018,511195,273,15890,Running,91.6,Healthy,Normal
2026-07-14 13:41:09,1.3,63.6,60.8,56240499200,41840590848,99846010,1422186663,285021,511198,273,15896,Running,97.2,Healthy,Normal
2026-07-14 13:41:15,1.7,63.7,60.8,56240564736,41841385472,99853848,1422192501,285036,511218,273,15902,Running,96.9,Healthy,Normal
2026-07-14 13:41:21,8.0,63.6,60.8,56240630272,41864409088,99854003,1422194328,285038,511224,273,15908,Running,91.9,Healthy,Normal
2026-07-14 13:41:27,1.2,63.6,60.8,56240663040,41938399232,99854306,1422197076,285043,511233,273,15914,Running,93.3,Healthy,Normal
2026-07-14 13:41:33,5.4,63.5,60.8,56256173056,41939550208,99854761,1422197565,285051,511236,273,15920,Running,96.9,Healthy,Normal
2026-07-14 13:41:39,2.3,63.6,60.8,56257143808,41940475904,99859043,1422199757,285065,511251,273,15926,Running,96.6,Healthy,Normal
2026-07-14 13:41:45,7.6,63.6,60.8,56257242112,41962696704,99859623,1422203207,285076,511264,273,15932,Running,92.1,Healthy,Normal
2026-07-14 13:41:51,3.1,63.6,60.8,56258610176,42067447808,99859922,1422205539,285082,511271,273,15938,Running,92.4,Healthy,Normal
2026-07-14 13:41:57,4.1,63.6,60.8,56259499520,42068546048,99860252,1422209105,285087,511279,272,15944,Running,97.0,Healthy,Normal
2026-07-14 13:42:03,5.9,63.6,60.8,56261795328,42078179840,99867589,1422213192,285103,511294,272,15950,Running,96.4,Healthy,Normal
2026-07-14 13:42:09,8.4,63.6,60.8,56261828096,42094371328,99868035,1422214895,285110,511299,272,15956,Running,91.2,Healthy,Normal
2026-07-14 13:42:15,7.9,63.7,60.8,56262110720,42201096704,99880353,1422267141,285142,511337,272,15962,Running,91.7,Healthy,Normal
2026-07-14 13:42:21,5.0,63.6,60.8,56270458368,42202178048,99881039,1422308341,285155,511355,272,15969,Running,97.2,Healthy,Normal
2026-07-14 13:42:27,1.3,63.6,60.8,56270589440,42203161088,99881475,1422310810,285164,511362,272,15975,Running,97.3,Healthy,Normal
2026-07-14 13:42:33,7.1,63.6,60.8,56270671360,42225213952,99881775,1422312520,285169,511367,272,15981,Running,92.3,Healthy,Normal
2026-07-14 13:42:39,1.4,63.7,60.8,56270671360,42325815808,99885804,1422315640,285180,511383,272,15987,Running,93.0,Healthy,Normal
2026-07-14 13:42:45,3.0,63.7,60.8,56270683648,42326589952,99885946,1422316423,285182,511387,272,15993,Running,96.9,Healthy,Normal
2026-07-14 13:42:51,1.3,63.6,60.8,56270810624,42327593472,99886395,1422318170,285190,511392,272,15999,Running,97.6,Healthy,Normal
2026-07-14 13:42:57,8.2,63.6,60.8,56270810624,42342273536,99886877,1422320984,285198,511402,272,16005,Running,92.2,Healthy,Normal
2026-07-14 13:43:03,5.0,63.7,60.8,56271138304,42450543104,99887298,1422323530,285205,511410,272,16011,Running,92.5,Healthy,Normal
2026-07-14 13:43:09,1.3,63.6,60.8,56271367680,42451264000,99887645,1422324815,285210,511414,271,16017,Running,97.0,Healthy,Normal
2026-07-14 13:43:15,1.8,63.6,60.8,56272576000,42452189696,99898232,1422330625,285226,511432,271,16023,Running,96.6,Healthy,Normal
2026-07-14 13:43:21,7.3,63.6,60.8,56272576000,42470162944,99898449,1422332046,285229,511437,271,16029,Running,92.1,Healthy,Normal
2026-07-14 13:43:28,3.0,63.7,60.8,56272596480,42553410048,99898846,1422333243,285235,511442,271,16035,Running,92.8,Healthy,Normal
2026-07-14 13:43:34,5.0,63.6,60.8,56272727552,42554241536,99899450,1422336210,285246,511455,271,16041,Running,96.2,Healthy,Normal
2026-07-14 13:43:40,2.6,63.6,60.8,56272743936,42555146752,99905068,1422337735,285259,511468,271,16047,Running,97.3,Healthy,Normal
2026-07-14 13:43:46,8.1,63.6,60.8,56272883200,42570019328,99905673,1422339200,285270,511478,271,16053,Running,92.8,Healthy,Normal
2026-07-14 13:43:52,6.8,63.9,60.8,56273325568,42599272960,99906014,1422341653,285277,511485,271,16059,Running,92.0,Healthy,Normal
2026-07-14 13:43:58,2.1,63.6,60.8,56273464832,42659533312,99906247,1422343084,285280,511490,271,16065,Running,96.7,Healthy,Normal
2026-07-14 13:44:04,1.2,63.7,60.8,56273530368,42660553216,99906462,1422343847,285284,511493,271,16071,Running,97.1,Healthy,Normal
2026-07-14 13:44:10,9.8,63.8,60.3,56285679104,42717204992,99906972,1422345262,285293,511498,271,16077,Running,87.5,Healthy,Normal
2026-07-14 13:44:16,12.8,63.8,60.3,56287251968,42825826816,99914811,1422351006,285309,511514,273,16083,Running,89.1,Healthy,Normal
2026-07-14 13:44:22,7.8,63.6,60.3,56287514112,42826994176,99919481,1422358663,285327,511534,273,16089,Running,95.1,Healthy,Normal
2026-07-14 13:44:28,0.7,63.6,60.3,56287915520,42828222976,99919959,1422360187,285335,511540,273,16095,Running,95.5,Healthy,Normal
2026-07-14 13:44:34,8.4,63.7,60.3,56288374272,42846962176,99920199,1422363232,285338,511549,273,16101,Running,91.7,Healthy,Normal
2026-07-14 13:44:40,3.6,63.7,60.3,56291208704,42934567424,99924477,1422365236,285347,511561,272,16107,Running,92.4,Healthy,Normal
2026-07-14 13:44:46,8.5,63.8,60.3,56311644672,42936193536,99924651,1422366612,285349,511565,275,16113,Running,91.5,Healthy,Normal
2026-07-14 13:44:52,7.3,63.7,60.3,56335022080,42939826688,99925017,1422368054,285356,511570,273,16119,Running,91.5,Healthy,Normal
2026-07-14 13:44:58,9.5,63.6,60.3,56335677440,42970079744,99925495,1422370247,285364,511578,273,16125,Running,92.2,Healthy,Normal
2026-07-14 13:45:04,4.7,63.4,60.3,56338900992,43092890112,99925993,1422371669,285372,511582,273,16131,Running,91.3,Healthy,Normal
2026-07-14 13:45:10,1.5,63.4,60.3,56339324416,43094118912,99932571,1422377699,285385,511594,273,16137,Running,96.4,Healthy,Normal
2026-07-14 13:45:16,9.6,63.4,60.3,56339742720,43112518144,99940337,1422382202,285399,511609,273,16143,Running,92.6,Healthy,Normal
2026-07-14 13:45:22,6.5,63.4,60.3,56340215296,43217408512,99940490,1422384932,285401,511617,272,16149,Running,92.0,Healthy,Normal
2026-07-14 13:45:28,1.3,63.3,60.3,56340461056,43218838016,99940892,1422387157,285407,511625,272,16155,Running,97.1,Healthy,Normal
2026-07-14 13:45:34,8.0,63.4,60.3,56340592128,43241169408,99941522,1422388779,285417,511634,272,16161,Running,92.0,Healthy,Normal
2026-07-14 13:45:40,2.2,63.4,60.3,56340706816,43341926912,99947468,1422391185,285434,511652,272,16167,Running,92.3,Healthy,Normal
2026-07-14 13:45:46,2.5,63.3,60.3,56340846080,43343307264,99951004,1422406331,285452,511679,272,16173,Running,94.8,Healthy,Normal
2026-07-14 13:45:52,7.9,63.3,60.3,56341648896,43361763840,99951399,1422408036,285459,511689,272,16179,Running,92.6,Healthy,Normal
2026-07-14 13:45:58,7.1,63.5,60.3,56342014976,43468472832,99951568,1422409467,285461,511694,272,16185,Running,90.8,Healthy,Normal
2026-07-14 13:46:04,3.8,63.4,60.3,56342395904,43469926912,99951655,1422410250,285462,511697,272,16191,Running,95.0,Healthy,Normal
2026-07-14 13:46:10,8.5,63.5,60.3,56343298048,43492520448,99961386,1422439527,285498,511732,272,16197,Running,91.4,Healthy,Normal
2026-07-14 13:46:16,5.6,63.5,60.3,56345460224,43594797568,99977276,1422472060,285548,511789,272,16203,Running,92.1,Healthy,Normal
2026-07-14 13:46:22,2.2,63.5,60.3,56360201728,43602108928,99978283,1422474699,285557,511798,272,16209,Running,94.0,Healthy,Normal
2026-07-14 13:46:28,13.6,63.5,60.3,56364748288,43635089920,105549529,1422631843,285873,513557,272,16215,Running,90.5,Healthy,Normal
2026-07-14 13:46:34,1.2,63.6,60.3,56371678720,43705266688,105549829,1422634536,285878,513565,272,16221,Running,91.2,Healthy,Normal
2026-07-14 13:46:40,1.3,63.6,60.3,56372080640,43706884608,105558145,1422640826,285901,513595,272,16227,Running,98.0,Healthy,Normal
2026-07-14 13:46:46,7.9,63.6,60.3,56372215808,43724337664,105558362,1422643024,285904,513602,272,16233,Running,92.7,Healthy,Normal
2026-07-14 13:46:52,1.8,63.6,60.3,56374475264,43832861184,105558634,1422645031,285910,513609,272,16239,Running,92.7,Healthy,Normal
2026-07-14 13:46:58,4.4,63.5,60.3,56374557184,43833897472,105559250,1422646306,285922,513615,272,16245,Running,96.8,Healthy,Normal
2026-07-14 13:47:04,9.0,63.6,60.3,56374802944,43849900544,105560120,1422647673,285935,513621,272,16251,Running,91.7,Healthy,Normal
2026-07-14 13:47:10,2.5,63.6,60.3,56377124352,43959046656,105560637,1422650250,285944,513632,272,16257,Running,91.7,Healthy,Normal
2026-07-14 13:47:16,2.2,63.5,60.3,56469401600,43960345088,105578026,1422745633,285991,513689,271,16263,Running,97.2,Healthy,Normal
2026-07-14 13:47:22,8.4,63.6,60.3,56469590016,43982369280,105578296,1422747048,285995,513694,271,16269,Running,92.1,Healthy,Normal
2026-07-14 13:47:28,3.5,63.5,60.3,56470237184,44055962112,105578636,1422748233,286000,513699,271,16275,Running,92.8,Healthy,Normal
2026-07-14 13:47:34,1.7,63.5,60.3,56470597632,44057063936,105579614,1422750425,286016,513712,271,16281,Running,97.2,Healthy,Normal
2026-07-14 13:47:40,7.5,63.4,60.3,56471093248,44087849472,105583807,1422752551,286029,513728,271,16287,Running,91.2,Healthy,Normal
2026-07-14 13:47:46,2.0,63.5,60.3,56473575424,44176634368,105591268,1422757028,286042,513738,271,16293,Running,92.8,Healthy,Normal
2026-07-14 13:47:52,1.7,63.5,60.3,56479009792,44177871360,105591538,1422758795,286046,513744,273,16299,Running,96.2,Healthy,Normal
2026-07-14 13:47:58,8.0,63.5,60.3,56479124480,44199805440,105591773,1422759586,286049,513747,273,16305,Running,92.0,Healthy,Normal
2026-07-14 13:48:04,3.4,63.4,60.3,56479939584,44273066496,105591915,1422761089,286051,513753,273,16311,Running,92.3,Healthy,Normal
2026-07-14 13:48:10,1.2,63.4,60.3,56479939584,44274008576,105592430,1422763690,286060,513764,273,16317,Running,97.8,Healthy,Normal
2026-07-14 13:48:16,7.4,63.5,60.3,56480410624,44289942016,105606229,1422769448,286087,513781,273,16323,Running,92.6,Healthy,Normal
2026-07-14 13:48:22,3.4,63.5,60.3,56490683392,44408353280,105606464,1422771149,286091,513786,273,16329,Running,92.4,Healthy,Normal
2026-07-14 13:48:28,2.8,63.4,60.3,56490699776,44409229824,105606825,1422772420,286097,513791,273,16335,Running,97.5,Healthy,Normal
2026-07-14 13:48:34,18.2,63.7,60.3,56499165184,44428575232,105613806,1422780187,286115,513815,271,16341,Running,88.9,Healthy,Normal
2026-07-14 13:48:40,5.7,63.5,60.3,56503351296,44538724864,105617776,1422782203,286124,513828,271,16347,Running,92.0,Healthy,Normal
2026-07-14 13:48:46,1.1,63.5,60.3,56503748608,44539974144,105618104,1422784952,286129,513840,271,16353,Running,96.2,Healthy,Normal
2026-07-14 13:48:52,7.9,63.5,60.3,56504768512,44561875456,105618556,1422785804,286137,513846,271,16359,Running,92.5,Healthy,Normal
2026-07-14 13:48:58,1.7,63.6,60.3,56505780224,44662845952,105619003,1422789201,286145,513859,271,16365,Running,92.7,Healthy,Normal
2026-07-14 13:49:04,1.9,63.5,60.3,56506079232,44663816704,105619439,1422792035,286152,513867,271,16372,Running,97.2,Healthy,Normal
2026-07-14 13:49:10,8.7,63.5,60.3,56506247168,44685705728,105619722,1422793384,286156,513871,271,16378,Running,92.5,Healthy,Normal
2026-07-14 13:49:16,3.9,63.6,60.3,56506550272,44760711680,105627280,1422798865,286167,513888,271,16384,Running,92.8,Healthy,Normal
2026-07-14 13:49:22,5.1,63.5,60.3,56506599424,44761784832,105627495,1422800900,286170,513894,271,16390,Running,97.0,Healthy,Normal
2026-07-14 13:49:28,7.6,63.5,60.3,56506730496,44783829504,105627835,1422802751,286175,513904,271,16396,Running,93.0,Healthy,Normal
2026-07-14 13:49:34,1.7,63.5,60.3,56507320320,44884349440,105628381,1422806234,286183,513917,271,16402,Running,93.0,Healthy,Normal
2026-07-14 13:49:40,4.4,63.6,60.3,56507746304,44886417920,105632489,1422808024,286194,513931,273,16408,Running,97.4,Healthy,Normal
2026-07-14 13:49:46,13.9,63.7,60.3,56508326400,44908941824,105632927,1422809112,286200,513934,273,16414,Running,85.9,Healthy,Normal
2026-07-14 13:49:52,1.1,63.5,60.3,56508461568,44989268480,105633184,1422811820,286204,513943,271,16420,Running,92.9,Healthy,Normal
2026-07-14 13:49:58,8.7,63.5,60.3,56508748288,45018927616,105633419,1422815208,286207,513954,271,16426,Running,91.8,Healthy,Normal
2026-07-14 13:50:04,0.8,63.5,60.3,56508797440,45113102848,105639920,1422820343,286220,513968,271,16432,Running,93.5,Healthy,Normal
2026-07-14 13:50:10,8.6,63.5,60.3,56509043200,45143106048,105640279,1422822378,286227,513974,271,16438,Running,91.9,Healthy,Normal
2026-07-14 13:50:16,2.5,63.5,60.3,56509174272,45237277184,105648359,1422828547,286248,513992,271,16444,Running,93.2,Healthy,Normal
2026-07-14 13:50:22,7.8,63.6,60.3,56509305344,45261914624,105648634,1422829608,286253,513995,271,16450,Running,91.9,Healthy,Normal
2026-07-14 13:50:28,2.3,63.5,60.3,56509649408,45332808192,105649025,1422831631,286262,514002,271,16456,Running,93.4,Healthy,Normal
2026-07-14 13:50:35,7.0,63.4,60.3,56509813248,45348250112,105649325,1422832719,286267,514005,271,16462,Running,91.7,Healthy,Normal
2026-07-14 13:50:41,5.0,63.5,60.3,56510763520,45428711936,105653354,1422834510,286278,514018,271,16468,Running,92.3,Healthy,Normal
2026-07-14 13:50:47,8.1,63.5,60.3,56511310848,45458489856,105654320,1422838514,286286,514032,271,16474,Running,91.8,Healthy,Normal
2026-07-14 13:50:53,2.4,63.5,60.3,56511355904,45552697856,105654580,1422840521,286290,514039,271,16480,Running,93.2,Healthy,Normal
2026-07-14 13:50:59,8.2,63.3,60.3,56511572992,45572026880,105654815,1422841952,286293,514044,271,16486,Running,88.4,Healthy,Normal
2026-07-14 13:51:05,2.2,63.3,60.3,56511572992,45676282368,105655097,1422844080,286297,514050,271,16492,Running,92.3,Healthy,Normal
2026-07-14 13:51:11,7.1,63.3,60.3,56511806464,45695697408,105660234,1422851578,286309,514065,271,16498,Running,92.2,Healthy,Normal
2026-07-14 13:51:17,1.1,63.3,60.3,56515034112,45803848192,105670669,1422872356,286335,514102,271,16504,Running,92.5,Healthy,Normal
2026-07-14 13:51:23,7.8,63.3,60.3,56515050496,45834584576,105670944,1422875022,286340,514110,271,16510,Running,91.8,Healthy,Normal
2026-07-14 13:51:29,1.5,63.3,60.3,56517311488,45931352576,105671152,1422877491,286343,514117,271,16516,Running,94.1,Healthy,Normal
2026-07-14 13:51:35,7.8,63.3,60.3,56517311488,45953729024,105671708,1422878593,286352,514121,271,16522,Running,91.8,Healthy,Normal
2026-07-14 13:51:41,2.5,63.4,60.3,56517475328,46055170560,105675817,1422881882,286364,514137,271,16528,Running,92.6,Healthy,Normal
2026-07-14 13:51:47,8.7,63.4,60.3,56517475328,46077612544,105683681,1422890706,286386,514157,271,16534,Running,91.7,Healthy,Normal
2026-07-14 13:51:53,2.8,63.3,60.3,56518073344,46178390528,105684040,1422893440,286393,514166,271,16540,Running,92.8,Healthy,Normal
2026-07-14 13:51:59,9.1,63.3,60.3,56518089728,46207943168,105684251,1422894001,286396,514170,271,16546,Running,91.9,Healthy,Normal
2026-07-14 13:52:05,2.8,63.3,60.3,56519834624,46289699328,105684548,1422895298,286402,514173,271,16552,Running,94.2,Healthy,Normal
2026-07-14 13:52:11,10.2,63.4,60.3,56530726400,46306222592,105709976,1422922496,286458,514212,271,16558,Running,89.9,Healthy,Normal
2026-07-14 13:52:17,6.3,63.3,60.3,56555355648,46404612608,105728339,1423004043,286504,514258,271,16564,Running,90.7,Healthy,Normal
2026-07-14 13:52:23,9.6,63.4,60.3,56570445312,46435062272,105728443,1423006402,286506,514266,271,16570,Running,89.7,Healthy,Normal
2026-07-14 13:52:29,4.8,63.3,60.3,56623496704,46528967168,105728990,1423007202,286516,514269,271,16576,Running,92.3,Healthy,Normal
2026-07-14 13:52:35,7.8,63.4,60.3,56628334080,46560469504,105735127,1423010564,286531,514283,271,16582,Running,91.9,Healthy,Normal
2026-07-14 13:52:41,2.7,63.3,60.3,56630140416,46630859264,105739073,1423012104,286541,514292,271,16588,Running,92.4,Healthy,Normal
2026-07-14 13:52:47,8.5,63.3,60.3,56630201856,46661841408,105739160,1423012746,286542,514295,271,16594,Running,92.1,Healthy,Normal
2026-07-14 13:52:53,3.6,63.4,60.3,56631123456,46726820352,105739837,1423015411,286552,514307,271,16600,Running,93.3,Healthy,Normal
2026-07-14 13:52:59,7.7,63.5,60.3,56631401984,46749516288,105740243,1423016361,286558,514313,271,16606,Running,92.5,Healthy,Normal
2026-07-14 13:53:05,1.5,63.4,60.3,56631631360,46848369152,105742222,1423021734,286570,514324,271,16612,Running,93.2,Healthy,Normal
2026-07-14 13:53:11,7.8,63.5,60.3,56631973376,46864912896,105744649,1423024521,286596,514340,271,16618,Running,92.2,Healthy,Normal
2026-07-14 13:53:17,4.6,63.4,60.3,56632006144,46972514816,105752294,1423029300,286608,514353,272,16624,Running,92.3,Healthy,Normal
2026-07-14 13:53:23,8.1,63.5,60.3,56632202752,46995239424,105752569,1423030359,286613,514356,271,16630,Running,91.8,Healthy,Normal
2026-07-14 13:53:29,2.0,63.4,60.3,56632219136,47096541696,105752864,1423031159,286617,514359,271,16636,Running,93.1,Healthy,Normal
2026-07-14 13:53:35,1.5,63.4,60.3,56632235520,47097471488,105753078,1423032283,286620,514364,271,16642,Running,96.4,Healthy,Normal
2026-07-14 13:53:41,1.9,63.4,60.3,56632325632,47098253824,105757148,1423034569,286630,514377,271,16648,Running,97.1,Healthy,Normal
2026-07-14 13:53:47,2.0,63.4,60.3,56632522240,47099060736,105757607,1423036276,286637,514386,271,16654,Running,96.3,Healthy,Normal
2026-07-14 13:53:53,1.4,63.4,60.3,56632673792,47099904512,105757823,1423037335,286640,514389,271,16660,Running,96.9,Healthy,Normal
2026-07-14 13:53:59,2.9,63.4,60.3,56632673792,47100420608,105758275,1423039609,286647,514400,271,16666,Running,97.2,Healthy,Normal
2026-07-14 13:54:05,1.1,63.4,60.3,56633378304,47101235712,105758363,1423041123,286648,514405,271,16672,Running,97.9,Healthy,Normal
2026-07-14 13:54:11,3.7,63.4,60.3,56633673216,47102849536,105759515,1423042936,286669,514418,271,16678,Running,97.2,Healthy,Normal
2026-07-14 13:54:17,6.5,63.4,60.3,56633935360,47103726080,105768013,1423049049,286696,514441,271,16684,Running,94.7,Healthy,Normal
2026-07-14 13:54:23,1.4,63.4,60.3,56634099200,47106753024,105768591,1423051356,286707,514454,271,16690,Running,97.8,Healthy,Normal
2026-07-14 13:54:29,1.8,63.4,60.3,56634181120,47107572224,105783532,1423071282,286743,514499,271,16696,Running,95.7,Healthy,Normal
2026-07-14 13:54:35,2.1,63.4,60.3,56634263040,47108321792,105784037,1423072373,286751,514508,271,16702,Running,97.2,Healthy,Normal
2026-07-14 13:54:41,8.1,63.4,60.3,56634996736,47111119360,105788140,1423076232,286763,514530,272,16708,Running,95.2,Healthy,Normal
2026-07-14 13:54:47,1.6,63.4,60.3,56636669952,47112843776,105788576,1423077959,286770,514540,270,16714,Running,94.7,Healthy,Normal
2026-07-14 13:54:53,1.3,63.4,60.3,56636821504,47113396736,105789349,1423081237,286784,514560,270,16720,Running,96.7,Healthy,Normal
2026-07-14 13:54:59,3.4,63.4,60.3,56637472768,47114420736,105790097,1423084149,286797,514575,270,16726,Running,96.2,Healthy,Normal
2026-07-14 13:55:05,1.5,63.4,60.3,56637755392,47115325952,105790814,1423090011,286809,514600,270,16732,Running,96.3,Healthy,Normal
2026-07-14 13:55:11,1.2,63.4,60.3,56637755392,47115842048,105791002,1423090497,286813,514604,270,16738,Running,97.8,Healthy,Normal
2026-07-14 13:55:17,1.2,63.4,60.3,56638214144,47116931584,105798605,1423095964,286824,514618,270,16744,Running,97.6,Healthy,Normal
2026-07-14 13:55:23,3.1,63.5,60.3,56639367168,47117550080,105798962,1423099206,286828,514628,272,16750,Running,96.3,Healthy,Normal
2026-07-14 13:55:29,4.6,63.5,60.3,56639539200,47118598656,105799343,1423101454,286834,514636,272,16756,Running,96.8,Healthy,Normal
2026-07-14 13:55:35,1.7,63.5,60.3,56639649792,47119639040,105800025,1423103491,286847,514649,272,16762,Running,98.0,Healthy,Normal
2026-07-14 13:55:41,1.7,63.5,60.3,56639813632,47122846208,105804073,1423107159,286857,514664,272,16768,Running,97.0,Healthy,Normal
2026-07-14 13:55:47,1.3,63.5,60.3,56639997952,47123894784,105804502,1423107895,286865,514666,272,16774,Running,97.5,Healthy,Normal
2026-07-14 13:55:53,1.2,63.4,60.3,56640092160,47126315520,105804821,1423111892,286871,514679,272,16780,Running,95.7,Healthy,Normal
2026-07-14 13:55:59,1.5,63.5,60.3,56640141312,47127130624,105805076,1423113493,286875,514686,272,16787,Running,96.7,Healthy,Normal
2026-07-14 13:56:05,2.2,63.5,60.3,56640219136,47128142336,105805207,1423116109,286877,514693,272,16793,Running,97.6,Healthy,Normal
2026-07-14 13:56:11,1.3,63.5,60.3,56640493568,47128945152,105805658,1423118562,286885,514700,272,16799,Running,96.9,Healthy,Normal
2026-07-14 13:56:17,3.4,63.5,60.3,56640702464,47129612800,105813519,1423124726,286901,514718,272,16805,Running,97.4,Healthy,Normal
2026-07-14 13:56:23,1.7,63.4,60.3,56640817152,47130513920,105813881,1423125326,286908,514722,270,16811,Running,97.1,Healthy,Normal
2026-07-14 13:56:29,1.8,63.4,60.3,56640948224,47132185088,105814308,1423127520,286914,514729,270,16817,Running,97.4,Healthy,Normal
2026-07-14 13:56:35,1.9,63.4,60.3,56641435648,47133417984,105814543,1423129999,286917,514737,269,16823,Running,97.9,Healthy,Normal
2026-07-14 13:56:41,1.6,63.4,60.3,56641480704,47134200320,105818556,1423131949,286928,514748,269,16829,Running,96.5,Healthy,Normal
2026-07-14 13:56:47,4.1,63.4,60.3,56641554432,47134999040,105818685,1423132666,286930,514751,269,16835,Running,97.2,Healthy,Normal
2026-07-14 13:56:53,1.1,63.4,60.3,56642926592,47137989120,105819002,1423134413,286936,514756,269,16841,Running,97.3,Healthy,Normal
2026-07-14 13:56:59,3.3,63.4,60.3,56643008512,47138902528,105819342,1423135281,286941,514760,269,16847,Running,97.3,Healthy,Normal
2026-07-14 13:57:06,1.8,63.4,60.3,56643188736,47141683712,105819747,1423137032,286949,514766,269,16853,Running,96.1,Healthy,Normal
2026-07-14 13:57:12,3.1,63.4,60.3,56643393536,47142564352,105824843,1423141685,286961,514774,269,16859,Running,95.8,Healthy,Normal
2026-07-14 13:57:18,2.2,63.4,60.3,56643610624,47143420416,105842078,1423236261,287006,514827,269,16865,Running,96.5,Healthy,Normal
2026-07-14 13:57:24,1.7,63.4,60.3,56643762176,47144059392,105842354,1423239492,287011,514837,269,16871,Running,97.3,Healthy,Normal
2026-07-14 13:57:30,1.4,63.4,60.3,56643876864,47145271808,105842671,1423240934,287016,514842,269,16877,Running,97.7,Healthy,Normal
2026-07-14 13:57:36,1.1,63.4,60.3,56644073472,47146119680,105842963,1423241408,287022,514845,269,16883,Running,98.1,Healthy,Normal
2026-07-14 13:57:42,2.6,63.4,60.3,56644335616,47146979840,105847012,1423243127,287032,514856,269,16889,Running,97.2,Healthy,Normal
2026-07-14 13:57:48,1.3,63.4,60.3,56644581376,47148175872,105847442,1423246172,287040,514865,269,16895,Running,97.7,Healthy,Normal
2026-07-14 13:57:54,2.2,63.4,60.3,56644679680,47148990976,105847761,1423247446,287046,514869,269,16901,Running,97.1,Healthy,Normal
2026-07-14 13:58:00,3.3,63.4,60.3,56644769792,47149859328,105848016,1423248295,287050,514874,269,16907,Running,97.0,Healthy,Normal
2026-07-14 13:58:06,1.4,63.4,60.3,56644986880,47153041920,105848202,1423249716,287053,514878,269,16913,Running,97.0,Healthy,Normal
2026-07-14 13:58:12,1.2,63.4,60.3,56644986880,47153603072,105848638,1423251658,287059,514883,269,16919,Running,97.8,Healthy,Normal
2026-07-14 13:58:18,1.6,62.3,60.3,56646313984,47156175360,105862000,1423259272,287079,514906,269,16925,Running,95.2,Healthy,Normal
2026-07-14 13:58:24,2.5,62.3,60.3,56646420480,47156982272,105862281,1423260546,287083,514910,269,16931,Running,96.1,Healthy,Normal
2026-07-14 13:58:30,3.1,62.3,60.3,56646502400,47157731840,105862555,1423261329,287087,514914,269,16937,Running,97.1,Healthy,Normal
2026-07-14 13:58:36,2.5,62.3,60.3,56646617088,47158727168,105862790,1423262816,287090,514919,269,16943,Running,97.0,Healthy,Normal
2026-07-14 13:58:42,1.0,62.3,60.3,56647010304,47159628288,105866677,1423265959,287098,514934,269,16949,Running,97.7,Healthy,Normal
2026-07-14 13:58:48,1.6,62.3,60.3,56647149568,47160582656,105867091,1423268366,287104,514944,269,16955,Running,96.9,Healthy,Normal
2026-07-14 13:58:54,1.2,62.3,60.3,56647211008,47161446912,105867327,1423268746,287108,514947,269,16961,Running,96.1,Healthy,Normal
2026-07-14 13:59:00,0.9,62.3,60.3,56647292928,47162192384,105867583,1423271646,287111,514957,269,16967,Running,98.1,Healthy,Normal
2026-07-14 13:59:06,1.6,62.3,60.3,56647358464,47163105792,105867922,1423272405,287116,514960,269,16973,Running,97.4,Healthy,Normal
2026-07-14 13:59:12,1.2,62.3,60.3,56647358464,47163884032,105871759,1423278998,287130,514982,269,16979,Running,98.0,Healthy,Normal
2026-07-14 13:59:18,0.8,62.4,60.3,56647612416,47166992896,105879367,1423284004,287141,514998,269,16985,Running,97.5,Healthy,Normal
2026-07-14 13:59:24,1.2,62.4,60.3,56649349120,47168500224,105879639,1423286670,287145,515006,269,16991,Running,97.7,Healthy,Normal
2026-07-14 13:59:30,1.4,62.3,60.3,56649480192,47170839040,105880070,1423288884,287151,515014,269,16997,Running,97.3,Healthy,Normal
2026-07-14 13:59:36,2.5,62.3,60.3,56649562112,47171572224,105880349,1423291052,287155,515022,269,17003,Running,97.7,Healthy,Normal
2026-07-14 13:59:42,9.0,62.5,60.3,56661924352,47172432384,105884333,1423293426,287164,515035,272,17009,Running,95.7,Healthy,Normal
2026-07-14 13:59:48,0.9,62.4,60.3,56662090752,47173616128,105884679,1423294802,287170,515039,270,17015,Running,95.1,Healthy,Normal
2026-07-14 13:59:54,2.0,62.4,60.3,56663729152,47174595072,105885011,1423297478,287176,515048,270,17021,Running,97.8,Healthy,Normal
2026-07-14 14:00:00,2.5,62.3,60.3,56663942144,47175365120,105885397,1423299607,287182,515056,270,17027,Running,96.8,Healthy,Normal
2026-07-14 14:00:06,1.0,62.3,60.3,56664126464,47176319488,105892029,1423306953,287196,515072,270,17033,Running,97.1,Healthy,Normal
2026-07-14 14:00:12,1.8,62.3,60.3,56664126464,47176905216,105892180,1423309694,287198,515080,270,17039,Running,97.8,Healthy,Normal
2026-07-14 14:00:18,1.1,62.3,60.3,56664183808,47177748992,105899934,1423314062,287211,515092,270,17045,Running,97.7,Healthy,Normal
2026-07-14 14:00:24,1.3,62.4,60.3,56664388608,47178633728,105900180,1423316803,287215,515100,270,17051,Running,96.9,Healthy,Normal
2026-07-14 14:00:30,0.8,62.4,60.3,56664495104,47182004736,105900435,1423318903,287220,515108,270,17057,Running,97.6,Healthy,Normal
2026-07-14 14:00:36,0.7,62.3,60.3,56664871936,47182701056,105900688,1423320046,287224,515112,270,17063,Running,97.7,Healthy,Normal
2026-07-14 14:00:42,1.7,62.3,60.3,56664921088,47185637888,105904690,1423324024,287235,515130,270,17069,Running,96.9,Healthy,Normal
2026-07-14 14:00:48,1.4,62.3,60.3,56665166848,47187120640,105904864,1423325112,287237,515133,270,17075,Running,97.0,Healthy,Normal
2026-07-14 14:00:54,2.2,62.3,60.3,56665265152,47187718656,105904926,1423325727,287238,515136,270,17081,Running,98.1,Healthy,Normal
2026-07-14 14:01:00,2.0,62.3,60.3,56665523200,47188857344,105905182,1423329192,287241,515148,270,17087,Running,97.0,Healthy,Normal
2026-07-14 14:01:06,1.7,62.3,60.3,56665523200,47189471744,105905467,1423331808,287245,515155,270,17093,Running,97.2,Healthy,Normal
2026-07-14 14:01:12,1.7,62.3,60.3,56665523200,47190204928,105905892,1423332911,287253,515159,270,17099,Running,97.1,Healthy,Normal
2026-07-14 14:01:18,1.1,62.3,60.3,56665654272,47191192064,105916982,1423344149,287280,515187,270,17105,Running,97.4,Healthy,Normal
2026-07-14 14:01:24,1.2,62.3,60.3,56665719808,47191835136,105917242,1423345982,287284,515193,270,17111,Running,97.7,Healthy,Normal
2026-07-14 14:01:30,1.1,62.3,60.3,56665768960,47192490496,105917419,1423347026,287286,515199,270,17117,Running,97.4,Healthy,Normal
2026-07-14 14:01:36,3.0,62.4,60.3,56666010624,47193526784,105931617,1423354752,287302,515221,270,17124,Running,97.0,Healthy,Normal
2026-07-14 14:01:42,2.5,62.3,60.3,56666317824,47197094400,105935535,1423355962,287310,515230,270,17130,Running,97.3,Healthy,Normal
2026-07-14 14:01:48,1.0,62.3,60.3,56666334208,47198097920,105935964,1423357850,287317,515236,270,17136,Running,97.3,Healthy,Normal
2026-07-14 14:01:54,1.0,62.3,60.3,56666416128,47200461312,105936239,1423359905,287322,515242,270,17142,Running,96.8,Healthy,Normal
2026-07-14 14:02:00,7.0,62.3,60.3,56666465280,47201288704,105936534,1423361402,287327,515247,270,17148,Running,96.6,Healthy,Normal
2026-07-14 14:02:06,4.1,62.3,60.3,56667051008,47202693632,105936813,1423363615,287332,515255,270,17154,Running,97.3,Healthy,Normal
2026-07-14 14:02:12,4.5,62.4,60.3,56667194368,47203344896,105944410,1423364724,287344,515263,270,17160,Running,96.9,Healthy,Normal
2026-07-14 14:02:18,1.3,62.3,60.3,56667259904,47204082176,105950027,1423453217,287377,515302,270,17166,Running,97.5,Healthy,Normal
2026-07-14 14:02:24,2.1,62.3,60.3,56667407360,47205192192,105950431,1423454696,287383,515307,270,17172,Running,96.0,Healthy,Normal
2026-07-14 14:02:30,1.1,62.3,60.3,56667489280,47205822976,105950563,1423454696,287385,515307,270,17178,Running,97.1,Healthy,Normal
2026-07-14 14:02:36,1.3,62.3,60.3,56667767808,47206822400,105950823,1423456204,287388,515313,270,17184,Running,97.7,Healthy,Normal
2026-07-14 14:02:42,1.2,62.3,60.3,56667833344,47207580160,105954712,1423457739,287396,515322,270,17190,Running,97.4,Healthy,Normal
2026-07-14 14:02:49,0.8,62.4,60.3,56667915264,47208514048,105954944,1423459215,287399,515328,270,17196,Running,97.3,Healthy,Normal
2026-07-14 14:02:55,1.0,62.3,60.3,56668046336,47211737600,105955061,1423459617,287401,515330,270,17202,Running,97.6,Healthy,Normal
2026-07-14 14:03:01,2.3,62.3,60.3,56668242944,47212405248,105955232,1423460474,287403,515334,270,17208,Running,97.3,Healthy,Normal
2026-07-14 14:03:07,3.0,62.3,60.3,56668242944,47214715392,105955663,1423463143,287409,515343,270,17214,Running,96.2,Healthy,Normal
2026-07-14 14:03:13,2.2,62.3,60.3,56668443648,47215931904,105968101,1423470825,287427,515363,270,17220,Running,97.4,Healthy,Normal
2026-07-14 14:03:19,1.4,62.3,60.3,56668509184,47216513536,105968477,1423475389,287432,515373,270,17226,Running,97.2,Healthy,Normal
2026-07-14 14:03:25,1.3,62.4,60.3,56668660736,47217156608,105968681,1423477556,287435,515380,270,17232,Running,97.3,Healthy,Normal
2026-07-14 14:03:31,1.0,62.4,60.3,56668693504,47217996288,105968768,1423478855,287436,515383,270,17238,Running,96.7,Healthy,Normal
2026-07-14 14:03:37,1.6,62.4,60.3,56668800000,47218602496,105969080,1423480141,287440,515389,269,17244,Running,98.1,Healthy,Normal
2026-07-14 14:03:43,1.2,62.4,60.3,56669300224,47219950080,105976222,1423501206,287472,515426,269,17250,Running,97.4,Healthy,Normal
2026-07-14 14:03:49,0.8,62.4,60.3,56676356096,47221203456,105978965,1423513102,287490,515447,270,17256,Running,96.9,Healthy,Normal
2026-07-14 14:03:55,1.0,62.4,60.3,56676495360,47221924352,105979115,1423513811,287492,515449,270,17262,Running,97.5,Healthy,Normal
2026-07-14 14:04:01,2.5,62.4,60.3,56676655104,47223214592,105979286,1423516290,287494,515457,270,17268,Running,97.8,Healthy,Normal
2026-07-14 14:04:07,2.5,62.4,60.3,56676900864,47226466816,105979375,1423517938,287495,515463,270,17274,Running,96.7,Healthy,Normal
2026-07-14 14:04:13,1.6,62.4,60.3,56677122048,47227531776,105986961,1423523814,287506,515477,270,17280,Running,97.9,Healthy,Normal
2026-07-14 14:04:19,2.4,62.4,60.3,56677302272,47230632448,105987130,1423526163,287508,515485,270,17286,Running,96.8,Healthy,Normal
2026-07-14 14:04:25,1.0,62.3,60.3,56677433344,47231492608,105987431,1423527568,287513,515490,270,17292,Running,98.1,Healthy,Normal
2026-07-14 14:04:31,1.9,62.3,60.3,56677515264,47232459264,105987728,1423529809,287519,515498,270,17298,Running,97.3,Healthy,Normal
2026-07-14 14:04:37,0.9,62.3,60.3,56677593088,47233102336,105987939,1423532845,287522,515508,270,17304,Running,97.5,Healthy,Normal
2026-07-14 14:04:43,7.4,62.6,60.3,56689377280,47234273792,105991928,1423534834,287533,515520,273,17310,Running,95.0,Healthy,Normal
2026-07-14 14:04:49,1.2,62.4,60.3,56690058240,47236051456,105992102,1423536618,287535,515525,270,17316,Running,95.2,Healthy,Normal
2026-07-14 14:04:55,1.4,62.4,60.3,56690222080,47236837888,105992246,1423537792,287537,515531,270,17322,Running,97.3,Healthy,Normal
2026-07-14 14:05:01,1.2,62.4,60.3,56690385920,47237706240,105992420,1423538872,287539,515534,270,17328,Running,97.6,Healthy,Normal
2026-07-14 14:05:07,0.9,62.4,60.3,56690430976,47238271488,105992705,1423540171,287543,515537,270,17334,Running,97.8,Healthy,Normal
2026-07-14 14:05:13,3.3,62.4,60.3,56690562048,47239086592,106002540,1423555154,287564,515556,270,17340,Running,96.6,Healthy,Normal
2026-07-14 14:05:19,1.1,62.4,60.3,56690705408,47239856640,106002777,1423557320,287567,515565,270,17346,Running,96.5,Healthy,Normal
2026-07-14 14:05:25,1.3,62.4,60.3,56691790848,47243264512,106002983,1423559839,287570,515573,270,17352,Running,98.1,Healthy,Normal
2026-07-14 14:05:31,2.4,62.4,60.3,56691905536,47245787648,106003269,1423561347,287574,515579,270,17358,Running,95.2,Healthy,Normal
2026-07-14 14:05:37,1.0,62.4,60.3,56692126720,47246479872,106003602,1423562594,287579,515585,270,17364,Running,96.7,Healthy,Normal
2026-07-14 14:05:43,1.1,62.4,60.3,56692364288,47247729152,106007628,1423564341,287589,515597,270,17370,Running,97.6,Healthy,Normal
2026-07-14 14:05:49,1.6,62.4,60.3,56692446208,47248765440,106008112,1423566270,287596,515605,270,17376,Running,97.0,Healthy,Normal
2026-07-14 14:05:55,1.0,62.4,60.3,56692528128,47249670656,106008411,1423568362,287600,515613,270,17382,Running,97.0,Healthy,Normal
2026-07-14 14:06:01,2.8,62.2,60.3,56692560896,47250686464,106008655,1423570335,287603,515619,270,17388,Running,94.6,Healthy,Normal
2026-07-14 14:06:07,1.1,62.2,60.3,56692642816,47251370496,106008655,1423571727,287603,515623,270,17394,Running,97.7,Healthy,Normal
2026-07-14 14:06:13,1.2,62.3,60.3,56692794368,47252472320,106016305,1423577960,287615,515640,270,17400,Running,98.2,Healthy,Normal
2026-07-14 14:06:19,1.5,62.3,60.3,56692876288,47253303808,106016474,1423579866,287617,515647,270,17406,Running,97.6,Healthy,Normal
2026-07-14 14:06:25,0.9,62.3,60.3,56693040128,47254016512,106016810,1423581281,287622,515652,270,17412,Running,97.3,Healthy,Normal
2026-07-14 14:06:31,1.3,62.3,60.3,56693191680,47257199104,106017029,1423582054,287625,515655,270,17418,Running,97.9,Healthy,Normal
2026-07-14 14:06:37,1.2,62.3,60.3,56695944192,47257858560,106024424,1423591588,287638,515679,270,17424,Running,97.9,Healthy,Normal
2026-07-14 14:06:43,3.4,62.3,60.3,56696009728,47260357120,106028312,1423594744,287646,515693,270,17430,Running,96.0,Healthy,Normal
2026-07-14 14:06:49,0.8,62.2,60.3,56696124416,47261450752,106028401,1423595109,287647,515695,270,17436,Running,97.5,Healthy,Normal
2026-07-14 14:06:55,1.4,62.3,60.3,56696189952,47262028288,106028634,1423596652,287650,515701,270,17442,Running,97.5,Healthy,Normal
2026-07-14 14:07:01,0.9,62.2,60.3,56696304640,47262847488,106028920,1423599397,287654,515710,270,17448,Running,96.7,Healthy,Normal
2026-07-14 14:07:07,1.4,62.5,60.3,56717308416,47264444928,106029333,1423600406,287661,515712,272,17454,Running,94.9,Healthy,Normal
2026-07-14 14:07:13,1.1,62.5,60.3,56718919168,47267344896,106036851,1423603837,287672,515722,272,17460,Running,95.0,Healthy,Normal
2026-07-14 14:07:19,1.1,62.6,60.3,56719443456,47268602368,106046809,1423696178,287707,515765,272,17467,Running,97.7,Healthy,Normal
2026-07-14 14:07:25,3.6,62.6,60.3,56722200064,47269368320,106049161,1423707682,287719,515777,272,17473,Running,96.8,Healthy,Normal
2026-07-14 14:07:31,3.0,62.6,60.3,56722286080,47270535680,106049335,1423708768,287721,515780,272,17479,Running,97.2,Healthy,Normal
2026-07-14 14:07:37,1.3,62.6,60.3,56722482688,47271850496,106050217,1423711357,287725,515789,272,17485,Running,97.9,Healthy,Normal
2026-07-14 14:07:43,1.7,62.6,60.3,56722630144,47275409920,106054288,1423715326,287735,515807,272,17491,Running,97.0,Healthy,Normal
2026-07-14 14:07:49,1.9,62.6,60.3,56722646528,47276151296,106054594,1423717804,287739,515814,272,17497,Running,97.5,Healthy,Normal
2026-07-14 14:07:55,1.2,62.6,60.3,56722667008,47278699008,106054933,1423719946,287744,515823,272,17503,Running,96.8,Healthy,Normal
2026-07-14 14:08:01,1.1,62.5,60.3,56722806272,47281164800,106055086,1423720375,287746,515825,272,17509,Running,97.6,Healthy,Normal
2026-07-14 14:08:07,2.0,62.4,60.3,56723047936,47282074112,106055228,1423723055,287748,515833,271,17515,Running,96.8,Healthy,Normal
2026-07-14 14:08:13,0.9,62.4,60.3,56723265024,47282946560,106068377,1423729474,287765,515850,271,17521,Running,96.6,Healthy,Normal
2026-07-14 14:08:19,2.7,62.4,60.3,56747627008,47283741184,106068634,1423730628,287768,515855,272,17527,Running,96.9,Healthy,Normal
2026-07-14 14:08:25,1.1,62.4,60.3,56750162432,47285928448,106068793,1423732978,287771,515864,271,17533,Running,97.4,Healthy,Normal
2026-07-14 14:08:31,1.3,62.4,60.3,56755808768,47287841280,106081716,1423754263,287803,515905,271,17539,Running,96.2,Healthy,Normal
2026-07-14 14:08:38,2.6,62.5,60.3,56756496896,47290225152,106094916,1423798132,287845,515949,270,17545,Running,97.1,Healthy,Normal
2026-07-14 14:08:44,2.1,62.5,60.3,56756662272,47291867648,106099051,1423800626,287858,515963,270,17551,Running,96.9,Healthy,Normal
2026-07-14 14:08:50,2.2,62.5,60.3,56757298688,47293731840,106107720,1423808164,287878,515984,270,17557,Running,96.2,Healthy,Normal
2026-07-14 14:08:56,1.5,62.5,60.3,56757380608,47294452736,106108301,1423810641,287887,515997,270,17563,Running,98.0,Healthy,Normal
2026-07-14 14:09:02,1.5,62.4,60.3,56758117888,47299138560,106108479,1423813332,287889,516005,270,17569,Running,97.7,Healthy,Normal
2026-07-14 14:09:08,1.2,62.4,60.3,56758117888,47301248000,106108694,1423815733,287893,516011,269,17575,Running,96.9,Healthy,Normal
2026-07-14 14:09:14,1.1,62.4,60.3,56758298112,47302063104,106121245,1423824538,287914,516029,269,17581,Running,97.7,Healthy,Normal
2026-07-14 14:09:20,1.2,62.4,60.3,56759051776,47305020416,106121805,1423826374,287923,516039,269,17587,Running,97.8,Healthy,Normal
2026-07-14 14:09:26,1.5,62.4,60.3,56759460352,47306535936,106128759,1423840564,287945,516064,269,17593,Running,97.8,Healthy,Normal
2026-07-14 14:09:32,1.3,62.5,60.3,56759562752,47307248640,106133951,1423844820,287957,516078,270,17599,Running,97.6,Healthy,Normal
2026-07-14 14:09:38,2.5,62.5,60.3,56774935040,47308297216,106135609,1423852296,287969,516093,270,17605,Running,97.0,Healthy,Normal
2026-07-14 14:09:44,7.0,62.5,60.3,56775421952,47309169664,106139722,1423856453,287980,516112,272,17611,Running,93.6,Healthy,Normal
2026-07-14 14:09:50,2.0,62.5,60.3,56775749632,47311180800,106140088,1423858581,287986,516118,270,17617,Running,95.6,Healthy,Normal
2026-07-14 14:09:56,1.4,62.5,60.3,56775847936,47312032768,106140445,1423860062,287992,516124,270,17623,Running,97.4,Healthy,Normal
2026-07-14 14:10:02,2.8,62.5,60.3,56777129984,47312864256,106147049,1423866310,288008,516140,270,17629,Running,97.3,Healthy,Normal
2026-07-14 14:10:08,1.8,62.5,60.3,56777285632,47313949696,106147246,1423869058,288011,516149,270,17635,Running,97.8,Healthy,Normal
2026-07-14 14:10:14,1.6,62.5,60.3,56777587712,47314912256,106154959,1423876500,288025,516169,270,17641,Running,98.0,Healthy,Normal
2026-07-14 14:10:20,2.3,62.5,60.3,56777657344,47319311360,106155387,1423880688,288032,516183,270,17647,Running,97.1,Healthy,Normal
2026-07-14 14:10:26,1.6,62.5,60.3,56777722880,47320400896,106155630,1423881156,288037,516186,270,17653,Running,96.5,Healthy,Normal
2026-07-14 14:10:32,1.4,62.5,60.3,56777722880,47321105408,106156276,1423882751,288049,516195,270,17659,Running,97.3,Healthy,Normal
2026-07-14 14:10:38,2.4,62.5,60.3,56777739264,47321842688,106156489,1423885263,288052,516205,270,17665,Running,97.7,Healthy,Normal
2026-07-14 14:10:44,0.9,62.5,60.3,56777804800,47322813440,106160438,1423886561,288062,516215,270,17671,Running,98.1,Healthy,Normal
2026-07-14 14:10:50,2.4,62.5,60.3,56777870336,47323816960,106160593,1423888947,288064,516223,270,17677,Running,97.0,Healthy,Normal
2026-07-14 14:10:56,1.6,62.5,60.3,56777952256,47324791808,106160958,1423889788,288069,516227,270,17683,Running,97.4,Healthy,Normal
2026-07-14 14:11:02,2.1,62.5,60.3,56778193920,47325770752,106161202,1423891164,288072,516231,270,17689,Running,96.4,Healthy,Normal
2026-07-14 14:11:08,0.9,62.5,60.3,56778275840,47326520320,106161633,1423893269,288080,516237,270,17695,Running,98.0,Healthy,Normal
2026-07-14 14:11:14,1.6,62.5,60.3,56778308608,47327433728,106169169,1423897518,288092,516247,270,17701,Running,97.3,Healthy,Normal
2026-07-14 14:11:20,0.9,62.5,60.3,56778308608,47330505728,106170039,1423899120,288104,516258,270,17707,Running,97.0,Healthy,Normal
2026-07-14 14:11:26,4.8,62.5,60.3,56778308608,47331222528,106171113,1423900987,288112,516266,270,17713,Running,96.9,Healthy,Normal
2026-07-14 14:11:32,1.2,62.5,60.3,56780844544,47334798336,106174671,1423914400,288123,516279,270,17719,Running,96.3,Healthy,Normal
2026-07-14 14:11:38,1.3,62.5,60.3,56781159936,47335691264,106186994,1423927582,288148,516300,270,17725,Running,97.7,Healthy,Normal
2026-07-14 14:11:44,4.2,62.5,60.3,56781606400,47337116672,106194835,1423964776,288181,516351,270,17731,Running,97.2,Healthy,Normal
2026-07-14 14:11:50,1.6,62.5,60.3,56781798912,47338148864,106195225,1423967821,288187,516360,270,17737,Running,97.2,Healthy,Normal
2026-07-14 14:11:56,2.4,62.5,60.3,56781843968,47338980352,106199364,1423973835,288204,516375,270,17743,Running,97.4,Healthy,Normal
2026-07-14 14:12:02,2.1,62.5,60.3,56781876736,47339951104,106203492,1423984271,288224,516398,270,17749,Running,97.0,Healthy,Normal
2026-07-14 14:12:08,0.9,62.5,60.3,56782210560,47341401088,106214314,1423992805,288235,516421,270,17755,Running,96.4,Healthy,Normal
2026-07-14 14:12:14,2.2,62.6,60.3,56782325248,47342355456,106222417,1423998921,288255,516436,270,17761,Running,96.2,Healthy,Normal
2026-07-14 14:12:20,0.9,62.5,60.3,56782489088,47343731712,106230773,1424086034,288289,516477,270,17767,Running,96.9,Healthy,Normal
2026-07-14 14:12:26,0.9,62.5,60.3,56782603776,47344399360,106231159,1424086724,288296,516480,270,17773,Running,97.4,Healthy,Normal
2026-07-14 14:12:32,1.3,62.5,60.3,56782669312,47347454976,106231696,1424088349,288302,516486,270,17779,Running,96.9,Healthy,Normal
2026-07-14 14:12:38,1.3,62.5,60.3,56782767616,47348515840,106235685,1424091791,288311,516500,270,17785,Running,97.7,Healthy,Normal
2026-07-14 14:12:44,1.6,62.5,60.3,56782767616,47351133184,106236042,1424093260,288316,516508,270,17791,Running,96.9,Healthy,Normal
2026-07-14 14:12:50,1.3,62.5,60.3,56782784000,47352378368,106238260,1424097469,288331,516518,270,17797,Running,97.5,Healthy,Normal
2026-07-14 14:12:56,1.2,62.5,60.3,56782882304,47353332736,106238752,1424098889,288339,516529,270,17803,Running,97.3,Healthy,Normal
2026-07-14 14:13:02,3.4,62.5,60.3,56782882304,47353926656,106238926,1424101582,288341,516537,270,17809,Running,97.6,Healthy,Normal
2026-07-14 14:13:08,2.4,62.5,60.3,56782898688,47354885120,106239506,1424103309,288350,516548,270,17816,Running,96.9,Healthy,Normal
2026-07-14 14:13:14,1.7,62.5,60.3,56783087104,47355810816,106265885,1424114822,288384,516588,270,17822,Running,97.0,Healthy,Normal
2026-07-14 14:13:20,2.0,62.6,60.3,56783103488,47356568576,106266385,1424119182,288389,516600,270,17828,Running,97.7,Healthy,Normal
2026-07-14 14:13:26,0.6,62.5,60.3,56783382016,47357924352,106266589,1424121349,288392,516607,270,17834,Running,97.7,Healthy,Normal
2026-07-14 14:13:32,3.5,62.3,60.3,56783414784,47370290176,106267069,1424123475,288399,516614,270,17840,Running,97.5,Healthy,Normal
2026-07-14 14:13:38,2.1,62.3,60.3,56783480320,47371314176,106273007,1424135411,288415,516631,270,17846,Running,97.7,Healthy,Normal
2026-07-14 14:13:44,2.1,62.3,60.3,56784393728,47374464000,106287943,1424138219,288427,516655,270,17852,Running,96.5,Healthy,Normal
2026-07-14 14:13:50,1.4,62.3,60.3,56784541184,47375283200,106288448,1424140690,288436,516667,270,17858,Running,97.8,Healthy,Normal
2026-07-14 14:13:56,2.0,62.3,60.3,56784541184,47378125824,106288763,1424143488,288441,516677,270,17864,Running,96.3,Healthy,Normal
2026-07-14 14:14:02,1.5,62.3,60.3,56784639488,47379080192,106289063,1424144630,288446,516681,270,17870,Running,97.8,Healthy,Normal
2026-07-14 14:14:08,2.9,62.3,60.3,56785036800,47380116480,106289167,1424146072,288448,516686,270,17876,Running,97.1,Healthy,Normal
2026-07-14 14:14:14,3.2,62.3,60.3,56785069568,47381066752,106297051,1424151128,288465,516699,270,17882,Running,97.2,Healthy,Normal
2026-07-14 14:14:20,4.3,62.4,60.3,56785217024,47382144000,106297377,1424152858,288470,516704,272,17888,Running,94.6,Healthy,Normal
2026-07-14 14:14:27,2.9,62.4,60.3,56785528320,47385125888,106305396,1424161490,288497,516731,272,17894,Running,96.7,Healthy,Normal
2026-07-14 14:14:33,0.9,62.4,60.3,56785757696,47386604544,106305606,1424163025,288500,516737,272,17900,Running,97.3,Healthy,Normal
2026-07-14 14:14:39,3.9,62.4,60.3,56785921536,47387411456,106309718,1424166560,288511,516753,272,17906,Running,97.5,Healthy,Normal
2026-07-14 14:14:45,7.1,62.5,60.3,56786278400,47388570624,106309896,1424168191,288513,516760,273,17912,Running,93.2,Healthy,Normal
2026-07-14 14:14:51,0.7,62.4,60.3,56787904512,47390131200,106333726,1424177981,288532,516792,271,17918,Running,96.5,Healthy,Normal
2026-07-14 14:14:57,1.6,62.5,60.3,56788084736,47391237120,106334122,1424178877,288540,516799,271,17924,Running,97.7,Healthy,Normal
2026-07-14 14:15:03,1.5,62.5,60.3,56788183040,47392080896,106334384,1424179613,288544,516801,271,17930,Running,97.2,Healthy,Normal
2026-07-14 14:15:09,1.1,62.4,60.3,56788477952,47396299776,106334829,1424183050,288553,516811,271,17936,Running,96.4,Healthy,Normal
2026-07-14 14:15:15,2.3,62.4,60.3,56788576256,47397200896,106354529,1424195302,288582,516835,271,17942,Running,97.3,Healthy,Normal
2026-07-14 14:15:21,1.0,62.4,60.3,56788576256,47398024192,106354655,1424196294,288585,516838,271,17948,Running,97.0,Healthy,Normal
2026-07-14 14:15:27,3.4,62.4,60.3,56788723712,47399281664,106354948,1424197160,288589,516842,271,17954,Running,97.3,Healthy,Normal
2026-07-14 14:15:33,3.6,62.4,60.3,56788756480,47400158208,106355535,1424198729,288599,516850,271,17960,Running,97.4,Healthy,Normal
2026-07-14 14:15:39,1.2,62.4,60.3,56788854784,47400981504,106359650,1424201534,288612,516866,271,17966,Running,97.7,Healthy,Normal
2026-07-14 14:15:45,1.8,62.4,60.3,56789002240,47402177536,106359907,1424204308,288617,516876,271,17972,Running,97.7,Healthy,Normal
2026-07-14 14:15:51,0.8,62.4,60.3,56789018624,47403054080,106362969,1424214843,288630,516883,271,17978,Running,97.5,Healthy,Normal
2026-07-14 14:15:57,2.0,62.4,60.3,56789018624,47403828224,106363375,1424216401,288636,516890,271,17984,Running,97.8,Healthy,Normal
2026-07-14 14:16:03,7.5,62.5,60.3,56789314560,47405302784,106363645,1424217478,288641,516893,274,17990,Running,95.8,Healthy,Normal
2026-07-14 14:16:09,2.0,62.5,60.3,56789654528,47409513472,106374852,1424228897,288672,516921,273,17996,Running,97.0,Healthy,Normal
2026-07-14 14:16:15,1.9,62.5,60.3,56790555648,47411332096,106386577,1424255770,288705,516956,273,18002,Running,96.1,Healthy,Normal
2026-07-14 14:16:21,1.1,62.5,60.3,56790662144,47414178816,106386922,1424258494,288711,516965,273,18008,Running,97.3,Healthy,Normal
2026-07-14 14:16:27,4.6,62.5,60.3,56790793216,47415010304,106387603,1424259698,288722,516970,273,18014,Running,97.3,Healthy,Normal
2026-07-14 14:16:33,3.8,62.5,60.3,56791186432,47417320448,106387669,1424259698,288723,516970,273,18020,Running,97.1,Healthy,Normal
2026-07-14 14:16:39,0.9,62.4,60.3,56791378944,47418201088,106391877,1424262818,288735,516986,272,18026,Running,96.8,Healthy,Normal
2026-07-14 14:16:45,3.0,62.4,60.3,56791444480,47418975232,106392106,1424263674,288738,516990,271,18032,Running,97.4,Healthy,Normal
2026-07-14 14:16:51,2.0,62.4,60.3,56791608320,47420367872,106392319,1424266642,288742,516998,271,18038,Running,96.6,Healthy,Normal
2026-07-14 14:16:57,1.8,62.4,60.3,56791624704,47421301760,106392718,1424268293,288749,517006,271,18044,Running,96.7,Healthy,Normal
2026-07-14 14:17:03,1.3,62.4,60.3,56791804928,47422305280,106392889,1424270288,288752,517011,271,18050,Running,97.4,Healthy,Normal
2026-07-14 14:17:09,2.5,62.5,60.3,56791960576,47423919104,106393404,1424271349,288761,517014,271,18056,Running,96.3,Healthy,Normal
2026-07-14 14:17:15,1.5,62.6,60.3,56791960576,47424590848,106401292,1424276868,288776,517030,271,18062,Running,95.2,Healthy,Normal
2026-07-14 14:17:21,1.4,62.5,60.3,56792157184,47427646464,106410699,1424366834,288808,517069,271,18068,Running,97.5,Healthy,Normal
2026-07-14 14:17:27,1.3,62.5,60.3,56792288256,47428776960,106410994,1424367686,288812,517073,271,18074,Running,97.3,Healthy,Normal
2026-07-14 14:17:33,4.9,62.5,60.3,56792288256,47431255040,106411306,1424370443,288818,517081,271,18080,Running,96.0,Healthy,Normal
2026-07-14 14:17:39,2.8,62.5,60.3,56792427520,47432365056,106415629,1424372848,288833,517094,271,18086,Running,97.2,Healthy,Normal
2026-07-14 14:17:45,2.3,62.5,60.3,56792443904,47433200640,106415886,1424375288,288838,517103,271,18092,Running,97.3,Healthy,Normal
2026-07-14 14:17:51,1.2,62.5,60.3,56792443904,47434040320,106416185,1424376653,288844,517106,271,18098,Running,97.8,Healthy,Normal
2026-07-14 14:17:57,1.7,62.5,60.3,56792488960,47435203584,106416549,1424378211,288849,517113,271,18104,Running,96.8,Healthy,Normal
2026-07-14 14:18:03,5.1,62.5,60.3,56792538112,47436059648,106416764,1424380262,288853,517118,271,18110,Running,96.6,Healthy,Normal
2026-07-14 14:18:09,1.0,62.5,60.3,56792587264,47436968960,106417013,1424382335,288857,517126,271,18116,Running,97.9,Healthy,Normal
2026-07-14 14:18:15,2.3,62.5,60.3,56792677376,47437886464,106430599,1424389298,288880,517144,271,18122,Running,97.0,Healthy,Normal
2026-07-14 14:18:21,1.5,62.5,60.3,56792693760,47438664704,106430686,1424390597,288881,517147,271,18128,Running,98.1,Healthy,Normal
2026-07-14 14:18:27,1.3,62.5,60.3,56792710144,47439397888,106431169,1424392366,288889,517154,271,18134,Running,97.5,Healthy,Normal
2026-07-14 14:18:33,1.2,62.5,60.3,56792710144,47442519040,106431337,1424393617,288893,517158,271,18140,Running,97.6,Healthy,Normal
2026-07-14 14:18:39,3.4,62.5,60.3,56792775680,47443162112,106437470,1424398933,288911,517182,271,18146,Running,97.4,Healthy,Normal
2026-07-14 14:18:45,1.7,62.5,60.3,56792775680,47446103040,106437728,1424400309,288915,517186,271,18152,Running,96.4,Healthy,Normal
2026-07-14 14:18:51,1.3,62.5,60.3,56792923136,47447155712,106438121,1424401701,288921,517193,271,18158,Running,97.8,Healthy,Normal
2026-07-14 14:18:57,1.7,62.5,60.3,56792939520,47447954432,106438418,1424401960,288925,517197,271,18164,Running,97.3,Healthy,Normal
2026-07-14 14:19:03,4.9,62.5,60.3,56793508864,47449146368,106438626,1424404021,288928,517203,270,18170,Running,96.4,Healthy,Normal
2026-07-14 14:19:09,2.2,62.5,60.3,56793771008,47450133504,106442595,1424408809,288944,517220,270,18176,Running,97.3,Healthy,Normal
2026-07-14 14:19:15,1.8,62.5,60.3,56793791488,47450764288,106450262,1424415194,288956,517237,270,18182,Running,97.5,Healthy,Normal
2026-07-14 14:19:21,2.8,62.5,60.3,56793824256,47451796480,106450328,1424415194,288957,517237,270,18188,Running,96.2,Healthy,Normal
2026-07-14 14:19:27,3.3,62.6,60.3,56793984000,47452722176,106450685,1424417382,288962,517245,272,18195,Running,95.2,Healthy,Normal
2026-07-14 14:19:33,1.0,62.6,60.3,56794340352,47456248832,106455339,1424424143,288979,517262,272,18201,Running,96.9,Healthy,Normal
2026-07-14 14:19:39,1.5,62.6,60.3,56794438656,47457170432,106459492,1424427199,288990,517277,272,18207,Running,97.7,Healthy,Normal
2026-07-14 14:19:45,7.1,62.7,60.3,56795117056,47458935808,106459742,1424428036,288994,517282,273,18213,Running,92.1,Healthy,Normal
2026-07-14 14:19:51,6.7,63.7,60.3,56914601472,47477765120,106460232,1424430845,289003,517292,272,18219,Running,91.7,Healthy,Normal
2026-07-14 14:19:57,8.0,62.8,60.5,57031409152,47816602624,106460647,1424433861,289009,517304,272,18225,Running,90.7,Healthy,Normal
2026-07-14 14:20:03,2.4,62.5,60.5,57031687680,47818368000,106467615,1424440870,289028,517324,270,18231,Running,95.5,Healthy,Normal
2026-07-14 14:20:09,1.8,62.5,60.5,57031822848,47819699200,106467677,1424442608,289029,517330,270,18237,Running,97.8,Healthy,Normal
2026-07-14 14:20:15,2.3,62.5,60.5,57031822848,47820465152,106475277,1424446815,289040,517342,270,18243,Running,97.0,Healthy,Normal
2026-07-14 14:20:21,6.1,62.6,60.5,57031904768,47821239296,106475364,1424448114,289041,517345,270,18249,Running,96.9,Healthy,Normal
2026-07-14 14:20:27,1.4,62.6,60.5,57031937536,47821997056,106475963,1424449519,289050,517353,270,18255,Running,96.7,Healthy,Normal
2026-07-14 14:20:33,1.1,62.6,60.5,57032134144,47823004672,106476029,1424451828,289051,517360,270,18261,Running,98.1,Healthy,Normal
2026-07-14 14:20:39,4.9,62.6,60.5,57032740352,47823647744,106480054,1424454667,289061,517376,270,18267,Running,97.0,Healthy,Normal
2026-07-14 14:20:46,5.4,62.5,60.5,57032756736,47825093632,106480286,1424456109,289064,517381,270,18273,Running,96.9,Healthy,Normal
2026-07-14 14:20:52,1.9,62.5,60.5,57032773120,47825966080,106480375,1424457120,289065,517383,270,18279,Running,97.7,Healthy,Normal
2026-07-14 14:20:58,5.7,62.5,60.5,57033514496,47828960256,106480608,1424457379,289068,517387,270,18285,Running,96.5,Healthy,Normal
2026-07-14 14:21:04,7.7,62.9,60.5,57033711104,47830533120,106480763,1424460766,289070,517396,270,18291,Running,94.4,Healthy,Normal
2026-07-14 14:21:10,1.9,62.3,60.5,57033711104,47833216000,106481046,1424463376,289074,517404,270,18297,Running,96.0,Healthy,Normal
2026-07-14 14:21:16,2.2,62.3,60.5,57034096128,47833990144,106496408,1424489181,289107,517450,270,18303,Running,97.5,Healthy,Normal
2026-07-14 14:21:22,1.0,62.2,60.5,57034440192,47835448320,106496474,1424489181,289108,517450,270,18309,Running,97.4,Healthy,Normal
2026-07-14 14:21:28,1.8,62.3,60.5,57035062784,47836546048,106504304,1424497736,289127,517471,270,18315,Running,97.6,Healthy,Normal
2026-07-14 14:21:34,1.6,62.3,60.5,57035324928,47837635584,106504391,1424498393,289128,517472,270,18321,Running,97.0,Healthy,Normal
2026-07-14 14:21:40,1.4,62.3,60.5,57035439616,47838651392,106508391,1424501337,289137,517488,270,18327,Running,97.4,Healthy,Normal
2026-07-14 14:21:46,20.1,63.3,60.4,57136964608,47869371392,106508829,1424503625,289143,517497,277,18333,Running,87.1,Healthy,Normal
2026-07-14 14:21:52,2.5,63.1,60.4,57207378432,47880451072,106510751,1424515705,289158,517517,278,18339,Running,93.3,Healthy,Normal
2026-07-14 14:21:58,1.2,63.2,60.4,57209192960,47882318848,106511069,1424517538,289162,517525,278,18345,Running,96.5,Healthy,Normal
2026-07-14 14:22:04,1.0,63.2,60.4,57210753536,47883613184,106511153,1424518178,289164,517527,277,18351,Running,97.1,Healthy,Normal
2026-07-14 14:22:10,1.3,63.2,60.4,57213269504,47887725568,106517126,1424537727,289190,517555,281,18357,Running,96.0,Healthy,Normal
2026-07-14 14:22:16,2.6,63.2,60.4,57213531648,47888770048,106527129,1424545114,289207,517575,281,18363,Running,94.6,Healthy,Normal
2026-07-14 14:22:22,1.4,63.1,60.4,57213904384,47892001792,106532389,1424632942,289238,517612,277,18369,Running,96.3,Healthy,Normal
2026-07-14 14:22:28,0.9,63.0,60.4,57214182912,47894643712,106532785,1424633135,289245,517615,276,18375,Running,97.2,Healthy,Normal
2026-07-14 14:22:34,5.1,62.9,60.4,57214518784,47895249920,106533040,1424635824,289250,517622,276,18381,Running,97.1,Healthy,Normal
2026-07-14 14:22:40,2.0,63.0,60.4,57214801408,47896380416,106537027,1424639244,289260,517640,276,18387,Running,97.3,Healthy,Normal
2026-07-14 14:22:46,1.5,63.0,60.4,57214809600,47897089024,106537243,1424640330,289263,517643,274,18393,Running,96.8,Healthy,Normal
2026-07-14 14:22:52,1.3,62.8,60.4,57215010304,47898743808,106537297,1424641722,289264,517647,273,18399,Running,97.8,Healthy,Normal
2026-07-14 14:22:58,1.9,62.8,60.4,57215505920,47899505664,106537670,1424645013,289269,517660,273,18405,Running,97.3,Healthy,Normal
2026-07-14 14:23:04,1.3,62.9,60.4,57215571456,47900333056,106537878,1424645670,289272,517661,273,18411,Running,97.4,Healthy,Normal
2026-07-14 14:23:10,1.1,62.9,60.4,57215620608,47901115392,106538159,1424647083,289276,517666,273,18417,Running,97.0,Healthy,Normal
2026-07-14 14:23:16,1.8,62.8,60.4,57215772160,47901828096,106545780,1424651999,289288,517681,273,18423,Running,97.9,Healthy,Normal
2026-07-14 14:23:22,1.2,62.8,60.4,57215854080,47902737408,106546087,1424654837,289291,517689,272,18429,Running,97.4,Healthy,Normal
2026-07-14 14:23:28,3.3,62.8,60.4,57215919616,47905719296,106546432,1424657431,289296,517698,272,18435,Running,97.4,Healthy,Normal
2026-07-14 14:23:34,1.7,62.7,60.4,57215919616,47908135936,106554855,1424665038,289313,517720,272,18441,Running,96.3,Healthy,Normal
2026-07-14 14:23:40,1.7,62.7,60.4,57216731136,47908946944,106560649,1424677369,289333,517744,272,18447,Running,97.8,Healthy,Normal
2026-07-14 14:23:46,1.5,62.7,60.4,57216841728,47909659648,106560955,1424680766,289337,517754,272,18453,Running,98.0,Healthy,Normal
2026-07-14 14:23:52,2.4,62.7,60.4,57217124352,47913227264,106561282,1424684409,289342,517768,272,18459,Running,96.1,Healthy,Normal
2026-07-14 14:23:58,1.6,62.7,60.4,57217206272,47914062848,106561708,1424685379,289348,517774,272,18465,Running,97.8,Healthy,Normal
2026-07-14 14:24:04,1.6,62.5,60.4,57217390592,47914877952,106561774,1424687688,289349,517781,272,18471,Running,96.9,Healthy,Normal
2026-07-14 14:24:10,3.4,62.6,60.4,57217902592,47916512256,106561861,1424688982,289350,517785,272,18477,Running,97.1,Healthy,Normal
2026-07-14 14:24:16,1.7,62.6,60.4,57218025472,47917188096,106569612,1424694123,289363,517801,272,18483,Running,97.7,Healthy,Normal
2026-07-14 14:24:22,4.4,62.6,60.4,57218091008,47918257152,106569699,1424695134,289364,517803,272,18489,Running,96.7,Healthy,Normal
2026-07-14 14:24:28,1.9,62.6,60.4,57218271232,47919072256,106580059,1424702318,289389,517830,272,18495,Running,97.7,Healthy,Normal
2026-07-14 14:24:34,3.2,62.6,60.4,57218369536,47922332672,106580212,1424703329,289391,517832,272,18501,Running,97.2,Healthy,Normal
2026-07-14 14:24:40,3.4,62.6,60.4,57218410496,47923495936,106584182,1424705620,289400,517846,272,18507,Running,96.8,Healthy,Normal
2026-07-14 14:24:46,1.0,62.6,60.4,57218787328,47926612992,106584356,1424709007,289402,517857,272,18513,Running,96.8,Healthy,Normal
2026-07-14 14:24:52,0.7,62.6,60.4,57218852864,47927407616,106584356,1424709007,289402,517857,272,18519,Running,97.1,Healthy,Normal
2026-07-14 14:24:58,2.4,62.6,60.4,57219098624,47928587264,106584676,1424711261,289406,517866,272,18525,Running,97.5,Healthy,Normal
2026-07-14 14:25:04,1.5,62.6,60.4,57219115008,47929242624,106584830,1424713877,289408,517873,272,18531,Running,96.9,Healthy,Normal
2026-07-14 14:25:10,1.7,62.6,60.4,57219229696,47930115072,106585167,1424715292,289413,517878,272,18537,Running,97.4,Healthy,Normal
2026-07-14 14:25:16,0.9,62.5,60.4,57219393536,47931077632,106592748,1424720872,289424,517894,272,18543,Running,96.9,Healthy,Normal
2026-07-14 14:25:22,0.9,62.6,60.4,57219409920,47931745280,106592901,1424723840,289426,517902,272,18549,Running,97.9,Healthy,Normal
2026-07-14 14:25:28,1.5,62.6,60.4,57219573760,47933092864,106593192,1424728810,289430,517918,272,18555,Running,98.0,Healthy,Normal
2026-07-14 14:25:34,1.9,62.6,60.4,57220040704,47933809664,106593279,1424731426,289431,517925,272,18561,Running,97.9,Healthy,Normal
2026-07-14 14:25:40,2.6,62.6,60.4,57220204544,47934555136,106597280,1424734224,289440,517940,272,18567,Running,97.3,Healthy,Normal
2026-07-14 14:25:46,2.3,62.6,60.4,57220810752,47938139136,106597586,1424734960,289444,517942,272,18573,Running,96.8,Healthy,Normal
2026-07-14 14:25:52,1.0,62.6,60.4,57220810752,47938946048,106597913,1424738129,289449,517953,272,18579,Running,98.2,Healthy,Normal
2026-07-14 14:25:58,0.9,62.6,60.4,57220876288,47941522432,106598231,1424740439,289453,517962,272,18586,Running,96.1,Healthy,Normal
2026-07-14 14:26:04,2.2,62.6,60.4,57221355520,47942689792,106598297,1424742396,289454,517968,272,18592,Running,97.0,Healthy,Normal
2026-07-14 14:26:10,0.9,62.6,60.4,57221388288,47943545856,106598446,1424744849,289456,517975,272,18598,Running,98.1,Healthy,Normal
2026-07-14 14:26:16,2.8,62.6,60.4,57221613568,47944840192,106606046,1424751567,289467,517993,272,18604,Running,97.6,Healthy,Normal
2026-07-14 14:26:22,1.0,62.6,60.4,57222080512,47945585664,106606133,1424752578,289468,517995,272,18610,Running,97.9,Healthy,Normal
2026-07-14 14:26:28,1.8,62.6,60.4,57222129664,47946298368,106606505,1424754163,289475,518002,272,18616,Running,97.9,Healthy,Normal
2026-07-14 14:26:34,1.1,62.7,60.4,57222227968,47947338752,106606800,1424757263,289480,518012,272,18622,Running,97.5,Healthy,Normal
2026-07-14 14:26:40,1.0,62.6,60.4,57222359040,47948178432,106610832,1424759905,289492,518025,272,18628,Running,97.6,Healthy,Normal
2026-07-14 14:26:46,0.9,62.6,60.4,57222408192,47949079552,106611048,1424763304,289495,518035,271,18634,Running,97.2,Healthy,Normal
2026-07-14 14:26:52,1.7,62.6,60.4,57222772736,47950361600,106611048,1424765048,289495,518040,271,18640,Running,95.7,Healthy,Normal
2026-07-14 14:26:58,0.6,62.5,60.4,57222825984,47953413120,106611368,1424765966,289499,518045,271,18646,Running,98.2,Healthy,Normal
2026-07-14 14:27:04,3.9,62.6,60.4,57222846464,47954453504,106629238,1424784389,289533,518083,271,18652,Running,96.9,Healthy,Normal
2026-07-14 14:27:10,1.6,62.6,60.4,57223141376,47957885952,106633903,1424844709,289558,518130,271,18658,Running,95.0,Healthy,Normal
2026-07-14 14:27:17,3.2,62.5,60.4,57223280640,47958623232,106646470,1424854441,289578,518150,271,18664,Running,96.3,Healthy,Normal
2026-07-14 14:27:23,2.7,62.5,60.4,57223346176,47959655424,106664497,1424964379,289635,518223,271,18670,Running,97.0,Healthy,Normal
2026-07-14 14:27:29,1.7,62.5,60.4,57223346176,47960654848,106664842,1424968026,289640,518237,271,18676,Running,97.6,Healthy,Normal
2026-07-14 14:27:35,1.2,62.5,60.4,57223657472,47961793536,106665119,1424969682,289644,518245,271,18682,Running,96.8,Healthy,Normal
2026-07-14 14:27:41,1.0,62.5,60.4,57223784448,47963067392,106668947,1424972320,289651,518258,271,18688,Running,97.3,Healthy,Normal
2026-07-14 14:27:47,1.2,62.5,60.4,57223948288,47963997184,106669118,1424974994,289654,518267,271,18694,Running,97.4,Healthy,Normal
2026-07-14 14:27:53,1.4,62.5,60.4,57223948288,47964857344,106669470,1424976415,289661,518271,271,18700,Running,96.8,Healthy,Normal
2026-07-14 14:27:59,1.6,62.5,60.4,57223948288,47965955072,106669830,1424978584,289666,518280,271,18706,Running,96.6,Healthy,Normal
2026-07-14 14:28:05,1.7,62.5,60.4,57224226816,47966598144,106669969,1424979986,289669,518285,271,18712,Running,98.1,Healthy,Normal
2026-07-14 14:28:11,1.3,62.5,60.4,57224292352,47969743872,106670173,1424980695,289672,518287,271,18718,Running,96.8,Healthy,Normal
2026-07-14 14:28:17,2.9,62.5,60.4,57224304640,47970612224,106683416,1424987311,289690,518305,271,18724,Running,97.0,Healthy,Normal
2026-07-14 14:28:23,1.2,62.5,60.4,57224304640,47973213184,106683503,1424988322,289691,518307,271,18730,Running,97.2,Healthy,Normal
2026-07-14 14:28:29,1.0,62.5,60.4,57224505344,47974347776,106683962,1424989174,289699,518311,271,18736,Running,97.8,Healthy,Normal
2026-07-14 14:28:35,3.4,62.4,60.4,57224570880,47975199744,106684170,1424990298,289703,518316,271,18742,Running,97.3,Healthy,Normal
2026-07-14 14:28:41,1.5,62.5,60.4,57224833024,47975969792,106688688,1424992927,289716,518330,271,18748,Running,97.6,Healthy,Normal
2026-07-14 14:28:47,0.9,62.5,60.4,57224833024,47977034752,106688862,1424994303,289718,518334,271,18754,Running,97.3,Healthy,Normal
2026-07-14 14:28:53,1.7,62.5,60.4,57224833024,47977796608,106689387,1424995809,289726,518344,271,18760,Running,97.9,Healthy,Normal
2026-07-14 14:28:59,4.2,62.5,60.4,57225041920,47979402240,106696735,1424997838,289738,518360,271,18766,Running,96.8,Healthy,Normal
2026-07-14 14:29:05,3.0,62.5,60.4,57227974656,47994446848,106703952,1425002991,289748,518370,271,18772,Running,94.6,Healthy,Normal
2026-07-14 14:29:11,0.9,62.5,60.4,57228072960,47995438080,106704420,1425003967,289757,518376,271,18778,Running,96.9,Healthy,Normal
2026-07-14 14:29:17,1.1,62.5,60.4,57228118016,47996511232,106712104,1425009735,289770,518392,271,18784,Running,97.1,Healthy,Normal
2026-07-14 14:29:23,1.5,62.5,60.4,57228118016,47999730688,106712230,1425009735,289773,518392,271,18790,Running,97.4,Healthy,Normal
2026-07-14 14:29:29,4.2,62.5,60.4,57228314624,48000705536,106712521,1425011227,289777,518398,271,18796,Running,97.0,Healthy,Normal
2026-07-14 14:29:35,3.5,62.6,60.4,57228765184,48004547584,106718874,1425018435,289796,518416,271,18802,Running,96.4,Healthy,Normal
2026-07-14 14:29:41,1.5,62.5,60.4,57228847104,48005301248,106723001,1425020078,289807,518426,271,18808,Running,97.9,Healthy,Normal
2026-07-14 14:29:47,2.0,62.5,60.4,57228969984,48006284288,106723352,1425021147,289812,518430,271,18814,Running,97.3,Healthy,Normal
2026-07-14 14:29:53,1.0,62.5,60.4,57229019136,48007312384,106723547,1425021848,289815,518432,271,18820,Running,97.7,Healthy,Normal
2026-07-14 14:29:59,2.4,62.6,60.4,57229441024,48008107008,106723931,1425024723,289820,518443,271,18826,Running,97.3,Healthy,Normal
2026-07-14 14:30:05,0.9,62.6,60.4,57229928448,48009585664,106730654,1425033321,289835,518461,271,18832,Running,97.3,Healthy,Normal
2026-07-14 14:30:11,4.3,62.5,60.4,57230190592,48011060224,106730758,1425035328,289837,518468,271,18838,Running,97.6,Healthy,Normal
2026-07-14 14:30:17,2.3,62.5,60.4,57230256128,48011965440,106738718,1425039983,289855,518480,271,18844,Running,97.1,Healthy,Normal
2026-07-14 14:30:23,1.2,62.5,60.4,57230256128,48012878848,106738847,1425042034,289857,518485,271,18850,Running,97.8,Healthy,Normal
2026-07-14 14:30:29,1.9,62.5,60.4,57230272512,48016032768,106739518,1425045891,289868,518498,271,18856,Running,97.5,Healthy,Normal
2026-07-14 14:30:35,1.3,62.5,60.4,57230289408,48016790528,106739666,1425047415,289870,518504,271,18862,Running,97.2,Healthy,Normal
2026-07-14 14:30:41,1.1,62.5,60.4,57230289408,48017892352,106743554,1425050619,289878,518519,271,18868,Running,97.7,Healthy,Normal
2026-07-14 14:30:47,1.7,62.5,60.4,57230420480,48020648960,106743730,1425053099,289880,518526,271,18874,Running,97.0,Healthy,Normal
2026-07-14 14:30:53,0.9,62.5,60.4,57230518784,48021599232,106744017,1425054464,289884,518529,271,18880,Running,97.1,Healthy,Normal
2026-07-14 14:30:59,3.3,62.7,60.4,57232245248,48022889472,106754186,1425145032,289933,518593,273,18886,Running,94.8,Healthy,Normal
2026-07-14 14:31:05,1.9,62.7,60.4,57232503296,48027341824,106754539,1425147245,289938,518601,273,18892,Running,94.8,Healthy,Normal
2026-07-14 14:31:11,1.7,62.6,60.4,57232536064,48028226560,106755087,1425150103,289948,518613,273,18898,Running,97.1,Healthy,Normal
2026-07-14 14:31:17,1.6,62.6,60.4,57232536064,48028976128,106765309,1425164054,289973,518638,273,18904,Running,97.5,Healthy,Normal
2026-07-14 14:31:23,4.6,62.6,60.4,57232552448,48029721600,106765309,1425166011,289973,518644,273,18910,Running,96.8,Healthy,Normal
2026-07-14 14:31:29,1.9,62.6,60.4,57232912896,48031585280,106765666,1425167503,289978,518650,273,18916,Running,96.9,Healthy,Normal
2026-07-14 14:31:35,0.9,62.6,60.4,57232929280,48032588800,106766190,1425169752,289987,518658,273,18922,Running,97.7,Healthy,Normal
2026-07-14 14:31:41,1.8,62.6,60.4,57233125888,48035599360,106770567,1425173358,290002,518675,273,18928,Running,97.4,Healthy,Normal
2026-07-14 14:31:47,1.9,62.6,60.4,57233142272,48036738048,106771494,1425175659,290016,518683,272,18934,Running,97.1,Healthy,Normal
2026-07-14 14:31:53,2.8,62.6,60.4,57233207808,48037483520,106771881,1425178275,290023,518690,272,18940,Running,97.3,Healthy,Normal
2026-07-14 14:31:59,2.4,62.5,60.4,57233228288,48040514560,106773334,1425183453,290039,518712,270,18946,Running,95.7,Healthy,Normal
2026-07-14 14:32:05,2.1,62.5,60.4,57233650176,48042058752,106773631,1425184112,290045,518713,270,18953,Running,96.1,Healthy,Normal
2026-07-14 14:32:11,1.8,62.5,60.4,57233764864,48042984448,106773867,1425186053,290049,518720,270,18959,Running,96.1,Healthy,Normal
2026-07-14 14:32:17,1.2,62.5,60.4,57234436608,48044590080,106782664,1425190757,290078,518736,270,18965,Running,97.3,Healthy,Normal
2026-07-14 14:32:23,5.0,62.5,60.4,57234993664,48046085120,106785065,1425191880,290094,518740,270,18971,Running,96.3,Healthy,Normal
2026-07-14 14:32:29,1.7,62.5,60.4,57235497472,48047326208,106790789,1425270069,290133,518776,270,18977,Running,97.4,Healthy,Normal
2026-07-14 14:32:35,0.9,62.5,60.4,57235939840,48048837632,106790991,1425270201,290136,518778,270,18983,Running,97.7,Healthy,Normal
2026-07-14 14:32:41,1.2,62.5,60.4,57236533760,48050099200,106802325,1425275967,290154,518800,270,18989,Running,97.1,Healthy,Normal
2026-07-14 14:32:47,1.3,62.5,60.4,57237107200,48051766272,106802555,1425277055,290157,518803,270,18995,Running,97.9,Healthy,Normal
2026-07-14 14:32:53,2.4,62.5,60.4,57237565952,48055616512,106803171,1425278624,290166,518811,270,19001,Running,97.1,Healthy,Normal
2026-07-14 14:32:59,1.6,62.6,60.4,57237578240,48056329216,106803620,1425279331,290173,518818,270,19007,Running,97.9,Healthy,Normal
2026-07-14 14:33:05,1.0,62.5,60.4,57237578240,48057295872,106803817,1425281947,290176,518825,270,19013,Running,98.0,Healthy,Normal
2026-07-14 14:33:11,1.8,62.5,60.4,57237578240,48059978752,106804287,1425285031,290185,518835,270,19019,Running,95.9,Healthy,Normal
2026-07-14 14:33:18,0.9,62.5,60.4,57237709312,48060728320,106816904,1425293665,290205,518853,270,19025,Running,97.5,Healthy,Normal
2026-07-14 14:33:24,1.1,62.5,60.4,57237742080,48061715456,106817030,1425296238,290208,518862,270,19031,Running,97.5,Healthy,Normal
2026-07-14 14:33:30,1.2,62.5,60.4,57237742080,48062407680,106817387,1425300117,290213,518874,270,19037,Running,97.1,Healthy,Normal
2026-07-14 14:33:36,2.3,62.5,60.4,57237824000,48063247360,106817688,1425301548,290217,518879,270,19043,Running,97.2,Healthy,Normal
2026-07-14 14:33:42,1.4,62.5,60.4,57237889536,48064111616,106821563,1425303452,290226,518890,269,19049,Running,97.5,Healthy,Normal
2026-07-14 14:33:48,1.2,62.5,60.4,57238131200,48065029120,106824023,1425314260,290240,518900,269,19055,Running,97.7,Healthy,Normal
2026-07-14 14:33:54,3.6,62.5,60.4,57238569472,48067220480,106826007,1425320243,290253,518913,269,19061,Running,96.3,Healthy,Normal
2026-07-14 14:34:00,2.1,62.5,60.4,57238569472,48067986432,106826519,1425324137,290261,518931,269,19067,Running,96.6,Healthy,Normal
2026-07-14 14:34:06,1.7,62.5,60.4,57238569472,48071312384,106826649,1425326540,290263,518937,269,19073,Running,97.9,Healthy,Normal
2026-07-14 14:34:12,0.8,62.5,60.4,57238569472,48072123392,106826969,1425326590,290269,518938,269,19079,Running,97.0,Healthy,Normal
2026-07-14 14:34:18,2.7,62.5,60.4,57238569472,48072844288,106834871,1425332973,290286,518955,269,19085,Running,97.2,Healthy,Normal
2026-07-14 14:34:24,2.9,62.5,60.4,57238569472,48075551744,106835108,1425335044,290290,518960,269,19091,Running,96.6,Healthy,Normal
2026-07-14 14:34:30,3.9,62.5,60.4,57238684160,48076792832,106835639,1425336536,290298,518966,269,19097,Running,96.3,Healthy,Normal
2026-07-14 14:34:36,2.5,62.5,60.4,57238893056,48078435328,106835787,1425337020,290300,518969,269,19103,Running,97.7,Healthy,Normal
2026-07-14 14:34:42,0.7,62.5,60.4,57239106048,48079057920,106839858,1425339306,290310,518981,269,19109,Running,98.1,Healthy,Normal
2026-07-14 14:34:48,1.6,62.5,60.4,57239138816,48080262144,106840098,1425340394,290313,518984,269,19115,Running,96.6,Healthy,Normal
2026-07-14 14:34:54,1.9,62.5,60.4,57239155200,48080917504,106840659,1425341407,290323,518992,269,19121,Running,97.7,Healthy,Normal
2026-07-14 14:35:00,1.2,62.5,60.4,57239187968,48082027520,106841058,1425342658,290330,518999,269,19127,Running,97.1,Healthy,Normal
2026-07-14 14:35:06,3.5,62.5,60.4,57239187968,48082957312,106841361,1425344023,290335,519002,269,19133,Running,97.4,Healthy,Normal
2026-07-14 14:35:12,1.9,62.5,60.4,57239187968,48083727360,106843811,1425355803,290348,519014,269,19139,Running,97.4,Healthy,Normal
2026-07-14 14:35:18,1.6,62.4,60.4,57239400960,48085062656,106851415,1425361001,290359,519028,269,19145,Running,97.2,Healthy,Normal
2026-07-14 14:35:24,1.3,62.5,60.4,57239564800,48085877760,106851481,1425361001,290360,519028,269,19151,Running,97.5,Healthy,Normal
2026-07-14 14:35:30,0.9,62.5,60.4,57239585280,48089383936,106851882,1425364216,290366,519040,269,19157,Running,98.0,Healthy,Normal
2026-07-14 14:35:36,1.6,62.5,60.4,57239585280,48091923456,106852569,1425366945,290378,519053,269,19163,Running,96.3,Healthy,Normal
2026-07-14 14:35:42,1.3,62.5,60.4,57239835136,48092554240,106856597,1425370277,290389,519070,269,19169,Running,97.5,Healthy,Normal
2026-07-14 14:35:48,4.2,62.5,60.4,57239835136,48093869056,106857022,1425372098,290398,519076,269,19175,Running,96.1,Healthy,Normal
2026-07-14 14:35:54,1.1,62.5,60.4,57239884288,48094663680,106857279,1425374714,290403,519083,269,19181,Running,97.4,Healthy,Normal
2026-07-14 14:36:00,4.5,62.5,60.4,57239917056,48095364096,106857685,1425376412,290409,519092,270,19187,Running,97.1,Healthy,Normal
2026-07-14 14:36:06,7.8,62.8,60.4,57240048128,48096568320,106857816,1425378197,290411,519097,270,19193,Running,95.3,Healthy,Normal
2026-07-14 14:36:12,1.1,62.4,60.4,57240048128,48097227776,106858136,1425380138,290417,519104,270,19199,Running,96.5,Healthy,Normal
2026-07-14 14:36:18,3.6,62.4,60.4,57240166912,48098112512,106873411,1425392286,290447,519131,270,19205,Running,96.3,Healthy,Normal
2026-07-14 14:36:24,1.2,62.4,60.4,57240166912,48098972672,106873624,1425394900,290451,519138,270,19211,Running,97.7,Healthy,Normal
2026-07-14 14:36:30,1.0,62.4,60.4,57240183296,48102208512,106874062,1425395445,290459,519142,270,19217,Running,97.2,Healthy,Normal
2026-07-14 14:36:36,1.4,62.4,60.4,57240265216,48103068672,106874357,1425396234,290464,519145,270,19223,Running,97.1,Healthy,Normal
2026-07-14 14:36:42,1.5,62.4,60.4,57240265216,48103904256,106878488,1425399159,290476,519159,270,19229,Running,97.0,Healthy,Normal
2026-07-14 14:36:48,2.4,62.4,60.4,57240265216,48106669056,106878662,1425401144,290478,519165,270,19235,Running,96.7,Healthy,Normal
2026-07-14 14:36:54,1.0,62.4,60.4,57240445440,48109667328,106878830,1425401784,290482,519167,270,19241,Running,97.6,Healthy,Normal
2026-07-14 14:37:00,2.1,62.3,60.4,57240510976,48110339072,106879382,1425404146,290491,519177,270,19247,Running,97.4,Healthy,Normal
2026-07-14 14:37:06,4.1,62.4,60.4,57240537600,48111420416,106879853,1425407112,290500,519185,271,19253,Running,94.7,Healthy,Normal
2026-07-14 14:37:12,1.6,62.4,60.4,57240668672,48112776192,106880176,1425408547,290505,519190,271,19259,Running,97.2,Healthy,Normal
2026-07-14 14:37:18,2.7,62.4,60.4,57240701440,48113837056,106891242,1425418011,290525,519214,271,19265,Running,96.5,Healthy,Normal
2026-07-14 14:37:24,1.0,62.4,60.4,57240898048,48114840576,106891553,1425419020,290529,519216,271,19271,Running,97.7,Healthy,Normal
2026-07-14 14:37:30,2.8,62.5,60.4,57241094656,48115602432,106899148,1425495796,290550,519245,271,19277,Running,97.2,Healthy,Normal
2026-07-14 14:37:36,2.0,62.5,60.4,57241278976,48116720640,106899527,1425498617,290557,519254,271,19283,Running,97.5,Healthy,Normal
2026-07-14 14:37:42,2.9,62.5,60.4,57241328128,48117457920,106903303,1425501851,290564,519270,271,19289,Running,97.3,Healthy,Normal
2026-07-14 14:37:48,1.7,62.5,60.4,57241356800,48120751104,106903729,1425503225,290572,519274,271,19295,Running,97.0,Healthy,Normal
2026-07-14 14:37:54,0.9,62.5,60.4,57241422336,48121766912,106903984,1425505274,290577,519279,271,19301,Running,97.3,Healthy,Normal
2026-07-14 14:38:00,1.2,62.4,60.4,57241422336,48124199936,106904386,1425508499,290583,519291,271,19307,Running,96.8,Healthy,Normal
2026-07-14 14:38:06,1.1,62.5,60.4,57241455104,48125252608,106904428,1425509891,290584,519295,270,19313,Running,97.8,Healthy,Normal
2026-07-14 14:38:12,4.7,62.6,60.4,57242844672,48127394816,106906378,1425518405,290604,519317,273,19319,Running,95.8,Healthy,Normal
2026-07-14 14:38:18,3.9,62.6,60.4,57242877440,48128537600,106922181,1425530389,290634,519346,272,19326,Running,97.2,Healthy,Normal
2026-07-14 14:38:24,1.8,62.5,60.4,57242893824,48129246208,106922400,1425531046,290637,519347,272,19332,Running,97.1,Healthy,Normal
2026-07-14 14:38:30,1.9,62.6,60.4,57243491840,48130180096,106922736,1425532927,290642,519355,273,19338,Running,97.7,Healthy,Normal
2026-07-14 14:38:36,1.4,62.6,60.4,57243491840,48131036160,106922971,1425533716,290645,519358,273,19344,Running,97.5,Healthy,Normal
2026-07-14 14:38:42,3.1,62.5,60.4,57243782656,48132170752,106929128,1425545942,290663,519377,272,19350,Running,97.0,Healthy,Normal
2026-07-14 14:38:48,2.6,62.5,60.4,57244225024,48133399552,106929368,1425547372,290666,519381,272,19356,Running,97.7,Healthy,Normal
2026-07-14 14:38:54,0.8,62.6,60.4,57244257792,48136545280,106929582,1425548759,290669,519388,271,19362,Running,98.0,Healthy,Normal
2026-07-14 14:39:00,3.1,62.5,60.4,57244323328,48138101760,106929992,1425550126,290675,519395,271,19368,Running,97.1,Healthy,Normal
2026-07-14 14:39:06,1.2,62.5,60.4,57244360192,48139002880,106930277,1425550785,290679,519396,271,19374,Running,97.1,Healthy,Normal
2026-07-14 14:39:12,4.9,62.5,60.4,57244925440,48141665280,106941373,1425556613,290700,519417,270,19380,Running,95.8,Healthy,Normal
2026-07-14 14:39:18,1.5,62.5,60.4,57245208064,48142877696,106946780,1425564388,290713,519431,270,19386,Running,97.8,Healthy,Normal
2026-07-14 14:39:24,2.6,62.6,60.4,57245339136,48143627264,106951951,1425571752,290725,519453,270,19392,Running,95.9,Healthy,Normal
2026-07-14 14:39:31,0.8,62.6,60.4,57245539840,48144409600,106957204,1425576780,290738,519470,271,19398,Running,96.6,Healthy,Normal
2026-07-14 14:39:37,2.2,62.6,60.4,57246072320,48146637824,106957505,1425577571,290742,519473,271,19404,Running,97.9,Healthy,Normal
2026-07-14 14:39:43,1.7,62.6,60.4,57246137856,48147334144,106961477,1425580887,290751,519489,271,19410,Running,97.1,Healthy,Normal
2026-07-14 14:39:49,1.5,62.6,60.4,57246203392,48148337664,106962089,1425583850,290760,519502,271,19416,Running,97.5,Healthy,Normal
2026-07-14 14:39:55,2.0,62.6,60.4,57246252544,48149390336,106962355,1425586798,290764,519515,271,19422,Running,97.6,Healthy,Normal
2026-07-14 14:40:01,1.2,62.6,60.4,57247366656,48150164480,106968841,1425593793,290777,519532,271,19428,Running,97.6,Healthy,Normal
2026-07-14 14:40:07,3.1,62.6,60.4,57247673856,48151655424,106969013,1425594754,290779,519535,271,19434,Running,97.9,Healthy,Normal
2026-07-14 14:40:13,2.0,62.6,60.4,57247723008,48152437760,106976421,1425596301,290788,519542,271,19440,Running,97.9,Healthy,Normal
2026-07-14 14:40:19,1.7,62.6,60.4,57247739392,48153183232,106976764,1425601570,290792,519553,271,19446,Running,97.6,Healthy,Normal
2026-07-14 14:40:25,1.8,62.5,60.4,57247919616,48158041088,106976948,1425604876,290795,519563,271,19452,Running,97.1,Healthy,Normal
2026-07-14 14:40:31,1.5,62.6,60.4,57247919616,48158733312,106977373,1425606465,290803,519570,271,19458,Running,97.9,Healthy,Normal
2026-07-14 14:40:37,1.3,62.5,60.4,57248067072,48159601664,106977627,1425612625,290807,519589,271,19464,Running,97.2,Healthy,Normal
2026-07-14 14:40:43,1.0,62.5,60.4,57248067072,48160572416,106981718,1425614932,290819,519603,271,19470,Running,97.5,Healthy,Normal
2026-07-14 14:40:49,1.2,62.6,60.4,57248067072,48161289216,106981894,1425615668,290821,519605,271,19476,Running,98.0,Healthy,Normal
2026-07-14 14:40:55,2.0,62.5,60.4,57248214528,48162399232,106981976,1425616842,290822,519611,271,19482,Running,97.6,Healthy,Normal
2026-07-14 14:41:01,5.1,62.6,60.4,57248382464,48162989056,106982216,1425617578,290825,519613,271,19488,Running,96.2,Healthy,Normal
2026-07-14 14:41:07,5.6,62.6,60.4,57248382464,48163890176,106982503,1425618877,290829,519616,271,19494,Running,96.8,Healthy,Normal
2026-07-14 14:41:13,3.3,62.6,60.4,57248443904,48164627456,106990108,1425623872,290841,519628,271,19500,Running,97.3,Healthy,Normal
2026-07-14 14:41:19,3.8,62.6,60.4,57248443904,48167937024,106990343,1425624721,290844,519633,271,19506,Running,96.7,Healthy,Normal
2026-07-14 14:41:25,1.5,62.6,60.4,57248443904,48168641536,106990602,1425626888,290848,519640,271,19512,Running,97.7,Healthy,Normal
2026-07-14 14:41:31,1.6,62.6,60.4,57248443904,48169493504,106990776,1425627690,290850,519643,270,19518,Running,97.1,Healthy,Normal
2026-07-14 14:41:37,1.4,62.6,60.4,57257010176,48172385280,106990945,1425630322,290852,519653,271,19524,Running,96.1,Healthy,Normal
2026-07-14 14:41:43,3.2,62.6,60.4,57257010176,48173290496,106995077,1425631485,290864,519664,271,19530,Running,97.2,Healthy,Normal
2026-07-14 14:41:49,1.5,62.6,60.4,57257239552,48175100928,106995449,1425633770,290869,519671,271,19536,Running,96.5,Healthy,Normal
2026-07-14 14:41:55,1.6,62.6,60.4,57257550848,48176256000,106995788,1425636731,290874,519682,271,19542,Running,97.6,Healthy,Normal
2026-07-14 14:42:01,1.6,62.6,60.4,57257927680,48177669120,106996028,1425639424,290877,519690,271,19548,Running,97.8,Healthy,Normal
2026-07-14 14:42:07,2.9,62.6,60.4,57258238976,48178775040,106996154,1425640462,290880,519693,271,19554,Running,96.9,Healthy,Normal
2026-07-14 14:42:13,1.0,62.6,60.4,57258497024,48179979264,107004055,1425647532,290896,519714,271,19560,Running,97.6,Healthy,Normal
2026-07-14 14:42:19,0.7,62.6,60.4,57258497024,48181117952,107004381,1425649792,290900,519722,271,19566,Running,97.0,Healthy,Normal
2026-07-14 14:42:25,3.0,62.7,60.4,57258664960,48182072320,107011817,1425736970,290931,519760,271,19572,Running,97.4,Healthy,Normal
2026-07-14 14:42:31,1.1,62.6,60.4,57258664960,48185340928,107012038,1425738857,290934,519767,271,19578,Running,97.4,Healthy,Normal
2026-07-14 14:42:37,0.7,62.6,60.4,57258664960,48186295296,107012209,1425739648,290936,519770,270,19584,Running,97.4,Healthy,Normal
2026-07-14 14:42:43,0.9,62.4,60.4,57259148288,48200782848,107016328,1425743603,290947,519787,270,19590,Running,97.4,Healthy,Normal
2026-07-14 14:42:49,0.9,62.4,60.4,57259164672,48203908096,107016506,1425745731,290949,519793,270,19596,Running,96.6,Healthy,Normal
2026-07-14 14:42:55,3.9,62.3,60.4,57259230208,48204792832,107016794,1425748595,290953,519804,270,19602,Running,96.8,Healthy,Normal
2026-07-14 14:43:01,2.3,62.4,60.4,57259230208,48205607936,107016883,1425750416,290954,519810,270,19608,Running,97.4,Healthy,Normal
2026-07-14 14:43:07,1.8,62.4,60.4,57259230208,48206558208,107017170,1425752680,290958,519816,270,19614,Running,97.6,Healthy,Normal
2026-07-14 14:43:13,1.5,62.4,60.4,57259230208,48207291392,107024788,1425757013,290970,519826,270,19620,Running,97.3,Healthy,Normal
2026-07-14 14:43:19,1.5,62.4,60.4,57259332608,48208208896,107032309,1425762549,290983,519843,270,19626,Running,97.5,Healthy,Normal
2026-07-14 14:43:25,1.4,62.4,60.4,57259398144,48209114112,107032426,1425763991,290985,519849,270,19632,Running,96.9,Healthy,Normal
2026-07-14 14:43:31,1.0,62.3,60.4,57259529216,48209769472,107032514,1425764650,290986,519850,270,19638,Running,96.5,Healthy,Normal
2026-07-14 14:43:37,1.2,62.4,60.4,57259746304,48210813952,107032774,1425766737,290989,519858,270,19644,Running,97.7,Healthy,Normal
2026-07-14 14:43:43,2.7,62.4,60.4,57259844608,48214443008,107036836,1425770008,290999,519875,270,19651,Running,96.9,Healthy,Normal
2026-07-14 14:43:49,1.8,62.4,60.4,57259881472,48215180288,107037178,1425772108,291004,519883,270,19657,Running,97.5,Healthy,Normal
2026-07-14 14:43:55,0.9,62.4,60.4,57259881472,48216179712,107037639,1425775026,291011,519897,270,19663,Running,98.0,Healthy,Normal
2026-07-14 14:44:01,1.4,62.3,60.4,57259947008,48218924032,107037794,1425777642,291013,519904,270,19669,Running,96.3,Healthy,Normal
2026-07-14 14:44:07,1.1,62.3,60.4,57259947008,48219755520,107037972,1425778730,291015,519907,270,19675,Running,97.6,Healthy,Normal
2026-07-14 14:44:13,1.8,62.4,60.4,57260446720,48221447168,107045380,1425782825,291024,519918,270,19681,Running,97.2,Healthy,Normal
2026-07-14 14:44:19,2.6,62.3,60.4,57260463104,48222249984,107045636,1425784685,291027,519925,270,19687,Running,97.1,Healthy,Normal
2026-07-14 14:44:25,1.3,62.4,60.4,57260479488,48223028224,107045937,1425785526,291032,519929,270,19693,Running,97.6,Healthy,Normal
2026-07-14 14:44:31,1.4,62.3,60.4,57260495872,48224379904,107046234,1425788076,291038,519936,270,19699,Running,97.8,Healthy,Normal
2026-07-14 14:44:37,1.5,62.4,60.4,57260495872,48226640896,107046445,1425789677,291041,519943,270,19705,Running,97.6,Healthy,Normal
2026-07-14 14:44:43,0.9,62.4,60.4,57260512256,48227832832,107050392,1425792883,291051,519958,270,19711,Running,97.4,Healthy,Normal
2026-07-14 14:44:49,1.2,62.3,60.4,57260545024,48228738048,107050566,1425795928,291053,519967,270,19717,Running,97.1,Healthy,Normal
2026-07-14 14:44:55,1.2,62.4,60.4,57260577792,48229557248,107050797,1425798726,291056,519977,270,19723,Running,97.2,Healthy,Normal
2026-07-14 14:45:02,1.2,62.4,60.4,57260594176,48230560768,107050797,1425799078,291056,519978,270,19729,Running,97.2,Healthy,Normal
2026-07-14 14:45:08,0.9,62.4,60.4,57260659712,48231465984,107051099,1425801206,291061,519984,270,19735,Running,96.3,Healthy,Normal
2026-07-14 14:45:14,1.8,62.4,60.4,57281977856,48236155904,107062775,1425816695,291088,520007,270,19741,Running,95.6,Healthy,Normal
2026-07-14 14:45:20,3.1,62.4,60.4,57282059776,48237519872,107067935,1425821824,291099,520017,270,19747,Running,97.2,Healthy,Normal
2026-07-14 14:45:26,1.2,62.4,60.4,57282309632,48238642176,107068094,1425823831,291102,520025,270,19753,Running,97.3,Healthy,Normal
2026-07-14 14:45:32,3.2,62.4,60.4,57282342400,48239383552,107068879,1425826233,291107,520032,270,19759,Running,96.9,Healthy,Normal
2026-07-14 14:45:38,1.1,62.4,60.4,57282424320,48240268288,107071889,1425847769,291116,520053,270,19765,Running,96.6,Healthy,Normal
2026-07-14 14:45:44,0.8,62.4,60.4,57282588160,48241202176,107075894,1425851447,291125,520069,270,19771,Running,97.7,Healthy,Normal
2026-07-14 14:45:50,2.0,62.4,60.4,57282588160,48242054144,107079140,1425863847,291141,520086,270,19777,Running,97.0,Healthy,Normal
2026-07-14 14:45:56,10.2,62.6,60.4,57285319168,48244020224,107079497,1425865040,291147,520091,270,19783,Running,94.5,Healthy,Normal
2026-07-14 14:46:02,0.9,62.6,60.4,57285417472,48246502400,107079710,1425865699,291151,520092,270,19789,Running,96.5,Healthy,Normal
2026-07-14 14:46:08,2.1,62.6,60.4,57285585920,48249959424,107085773,1425889679,291167,520121,270,19795,Running,97.1,Healthy,Normal
2026-07-14 14:46:14,2.2,62.7,60.4,57285749760,48250819584,107103037,1425918831,291207,520168,270,19801,Running,96.3,Healthy,Normal
2026-07-14 14:46:20,1.5,62.7,60.4,57285909504,48251823104,107113243,1425923391,291226,520191,270,19807,Running,97.7,Healthy,Normal
2026-07-14 14:46:26,2.7,62.6,60.4,57286007808,48254534656,107122705,1425929827,291242,520211,270,19813,Running,96.4,Healthy,Normal
2026-07-14 14:46:32,1.2,62.7,60.4,57286832128,48255489024,107123004,1425930486,291248,520212,270,19819,Running,96.9,Healthy,Normal
2026-07-14 14:46:38,1.0,62.6,60.4,57286930432,48256340992,107127240,1425934477,291261,520230,270,19825,Running,97.5,Healthy,Normal
2026-07-14 14:46:44,3.1,63.1,60.4,57324017664,48257647616,107137284,1425945859,291285,520256,275,19831,Running,92.0,Healthy,Normal
2026-07-14 14:46:50,5.4,63.0,60.4,57325474816,48261547008,107152422,1426122819,291328,520314,275,19837,Running,94.4,Healthy,Normal
2026-07-14 14:46:56,1.5,63.0,60.4,57325827072,48263341056,107158467,1426125977,291334,520329,275,19843,Running,97.6,Healthy,Normal
2026-07-14 14:47:02,1.8,63.0,60.4,57325941760,48264430592,107158604,1426128772,291336,520340,275,19849,Running,97.2,Healthy,Normal
2026-07-14 14:47:08,3.8,62.9,60.4,57325990912,48265638912,107159410,1426131961,291348,520351,275,19855,Running,96.7,Healthy,Normal
2026-07-14 14:47:14,2.8,63.0,60.4,57326117888,48266605568,107167073,1426137834,291362,520365,275,19861,Running,95.8,Healthy,Normal
2026-07-14 14:47:20,1.4,63.0,60.4,57326265344,48269980672,107172176,1426147051,291377,520388,275,19867,Running,97.9,Healthy,Normal
2026-07-14 14:47:26,2.8,63.0,60.4,57326265344,48270562304,107176788,1426221041,291396,520407,275,19873,Running,97.5,Healthy,Normal
2026-07-14 14:47:32,1.0,63.0,60.4,57326330880,48271238144,107176875,1426224009,291397,520415,275,19879,Running,97.3,Healthy,Normal
2026-07-14 15:37:46,11.5,71.0,60.4,58873936384,48712401408,4608908,7239115,4861,7455,281,22893,Running,86.9,Healthy,Normal
2026-07-14 15:37:52,6.0,70.9,60.4,58887573504,48716345856,4616178,7242139,4874,7475,279,22899,Running,90.5,Healthy,Normal
2026-07-14 15:37:58,3.9,71.1,60.4,58891582976,48717394432,4642212,7246445,4903,7512,281,22905,Running,93.4,Healthy,Normal
2026-07-14 15:38:04,14.8,71.5,60.4,58902502912,48719491584,4673686,7257637,4935,7566,281,22911,Running,88.2,Healthy,Normal
2026-07-14 15:38:10,8.3,71.6,60.4,58904783360,48721428992,4717432,7268823,4968,7623,281,22917,Running,88.6,Healthy,Normal
2026-07-14 15:38:16,18.4,71.4,60.4,58921711616,48725701120,4771377,7284732,5027,7705,282,22923,Running,83.9,Healthy,Normal
2026-07-14 15:38:22,35.3,72.1,60.4,58945835520,48732238848,4800320,7382024,5097,7786,283,22929,Running,80.1,Healthy,Normal
2026-07-14 15:38:28,17.5,72.0,60.4,58960500224,48735421440,4822373,7388123,5114,7826,284,22936,Running,81.5,Healthy,Normal
2026-07-14 15:38:34,11.4,72.1,60.4,58961286656,48738186240,4873783,7404990,5156,7893,284,22942,Running,87.8,Healthy,Normal
2026-07-14 15:38:40,11.0,72.1,60.4,58961434112,48739759104,4893079,7411524,5176,7937,284,22948,Running,89.7,Healthy,Normal
2026-07-14 15:38:47,13.7,72.0,60.4,58961694720,48740942848,4897710,7414127,5194,7961,284,22954,Running,86.8,Healthy,Normal
2026-07-14 15:38:53,12.4,72.1,60.4,58966732800,48744981504,4902979,7416350,5209,7978,284,22960,Running,88.2,Healthy,Normal
2026-07-14 15:38:59,8.7,72.4,60.4,58969616384,48746828800,4907290,7418925,5223,7995,285,22966,Running,88.8,Healthy,Normal
2026-07-14 15:39:05,11.1,72.4,60.4,58969968640,48747910144,4911288,7420487,5234,8009,285,22972,Running,90.2,Healthy,Normal
2026-07-14 15:39:11,9.3,72.3,60.4,58969985024,48748663808,4914863,7421655,5240,8018,285,22978,Running,91.0,Healthy,Normal
2026-07-14 15:39:17,11.9,72.1,60.4,58970050560,48749564928,4927094,7428030,5270,8051,285,22984,Running,90.5,Healthy,Normal
2026-07-14 15:39:23,10.0,71.8,60.4,58971813888,48750633984,4940942,7432383,5298,8081,285,22990,Running,88.5,Healthy,Normal
2026-07-14 15:39:29,9.2,71.5,60.4,58972430848,48752120832,4949528,7434882,5322,8102,285,22996,Running,90.7,Healthy,Normal
2026-07-14 15:39:35,9.5,71.1,60.4,58972921856,48753853440,4977379,7446522,5351,8159,284,23002,Running,88.5,Healthy,Normal
2026-07-14 15:39:41,6.9,71.1,60.4,58973134848,48754893824,4986606,7451723,5372,8189,283,23008,Running,89.0,Healthy,Normal
2026-07-14 15:39:47,3.6,70.8,60.4,58973536256,48759612416,4994252,7455744,5390,8216,283,23014,Running,95.1,Healthy,Normal
2026-07-14 15:44:41,5.7,71.2,60.4,59062853120,48878404608,6842299,8457912,6909,10899,279,23308,Running,91.1,Healthy,Normal
2026-07-14 15:44:47,7.1,71.3,60.4,59063078400,48879903744,6853202,8462396,6930,10928,280,23314,Running,91.6,Healthy,Normal
2026-07-14 15:44:53,3.0,71.3,60.4,59063418368,48880763904,6872190,8473494,6958,10966,280,23321,Running,94.1,Healthy,Normal
2026-07-14 15:44:59,8.6,70.8,60.4,59063661056,48885434368,6876823,8476110,6976,10987,280,23327,Running,92.4,Healthy,Normal
2026-07-14 15:45:05,42.5,71.6,60.4,59063929856,48886179840,6887318,8479090,6992,11012,297,23333,Running,85.4,Healthy,Normal
2026-07-14 15:45:12,100.0,71.6,60.4,59064491008,48887203840,6898351,8482702,7014,11042,297,23339,Degraded,0.0,Unhealthy,Anomaly
2026-07-14 15:45:18,100.0,71.5,60.4,59064556544,48887347200,6910151,8488016,7038,11067,297,23346,Degraded,0.0,Unhealthy,Anomaly
2026-07-14 15:45:24,100.0,71.5,60.4,59064753152,48887584768,6918075,8491558,7057,11095,297,23352,Degraded,0.0,Unhealthy,Anomaly
2026-07-14 15:45:31,100.0,71.5,60.4,59065160192,48888223744,6922513,8494655,7073,11117,297,23358,Degraded,0.0,Unhealthy,Anomaly
2026-07-14 15:45:37,100.0,71.9,60.4,59075032064,48889423872,6926732,8496718,7087,11135,299,23365,Degraded,0.0,Unhealthy,Anomaly
2026-07-14 15:45:43,100.0,72.2,60.4,59075655680,48890537984,6934744,8499772,7108,11163,299,23371,Degraded,0.0,Unhealthy,Anomaly
2026-07-14 15:45:50,100.0,72.3,60.4,59075893248,48891299840,6960676,8508212,7135,11210,299,23377,Degraded,0.0,Unhealthy,Anomaly
2026-07-14 15:45:56,100.0,72.3,60.4,59075981312,48891492352,6968097,8511879,7152,11233,299,23383,Degraded,0.0,Unhealthy,Anomaly
2026-07-14 15:46:02,50.1,72.6,60.4,59077103616,48892078080,7018823,8535613,7217,11317,299,23389,Running,55.9,Healthy,Normal
2026-07-14 15:46:08,30.3,72.6,60.4,59078263296,48892692480,7168520,8639121,7293,11463,299,23396,Running,65.6,Healthy,Normal
2026-07-14 15:46:15,32.7,72.8,60.4,59078820352,48894576640,7319286,8713869,7395,11661,299,23402,Running,74.5,Healthy,Normal
2026-07-14 15:46:21,46.8,72.7,60.4,59079057920,48895813632,7378310,8740029,7455,11750,299,23409,Running,52.9,Healthy,Normal
2026-07-14 15:46:27,52.5,72.6,60.4,59079741952,48896649216,7418372,8749165,7484,11803,298,23415,Running,46.8,Healthy,Normal
2026-07-14 15:46:34,53.2,72.6,60.4,59079954944,48897959936,11203690,8820141,7709,12577,298,23421,Running,46.5,Healthy,Normal
2026-07-14 15:46:40,46.4,72.7,60.4,59081073152,48899151872,11238379,8845728,7759,12662,298,23427,Running,49.6,Healthy,Normal
2026-07-14 15:46:46,50.1,72.6,60.4,59081236992,48903305216,11256240,8852230,7785,12707,298,23433,Running,50.7,Healthy,Normal
2026-07-14 15:46:52,39.6,72.8,60.4,59082895360,48904075264,11444706,8957148,7871,12896,298,23440,Running,53.7,Healthy,Normal
2026-07-14 15:46:58,47.2,72.8,60.4,59083145216,48905000960,11605091,9022556,7949,13071,298,23446,Running,61.1,Healthy,Normal
2026-07-14 15:47:05,100.0,73.0,60.4,59083339776,48905545728,11614516,9027481,7968,13099,298,23452,Degraded,32.9,Unhealthy,Anomaly
2026-07-14 15:47:11,100.0,72.7,60.4,59083827200,48906344448,11677258,9042021,8003,13167,298,23459,Degraded,0.0,Unhealthy,Anomaly
2026-07-14 15:47:17,100.0,72.5,60.4,59083851776,48907663360,11680980,9043532,8011,13180,298,23465,Degraded,0.0,Unhealthy,Anomaly
2026-07-14 15:47:24,100.0,72.5,60.4,59084134400,48908015616,11711085,9052164,8043,13228,299,23471,Degraded,0.0,Unhealthy,Anomaly
2026-07-14 15:47:30,100.0,72.7,60.4,59084169216,48908343296,11735346,9056749,8052,13254,302,23478,Degraded,0.0,Unhealthy,Anomaly
2026-07-14 15:47:36,100.0,72.6,60.4,59084300288,48908584960,11741888,9058923,8057,13267,298,23484,Degraded,0.0,Unhealthy,Anomaly
2026-07-14 15:47:43,100.0,72.7,60.4,59085258752,48908871680,11745633,9062144,8065,13284,298,23490,Degraded,0.0,Unhealthy,Anomaly
2026-07-14 15:47:49,55.8,73.1,60.4,59085692928,48909223936,11773284,9070951,8094,13326,298,23496,Running,8.2,Healthy,Normal
2026-07-14 15:47:55,48.0,73.0,60.4,59085971456,48909981696,11835088,9113721,8146,13417,298,23503,Running,52.6,Healthy,Normal
2026-07-14 15:48:02,50.3,72.7,60.4,59086229504,48910604288,11886146,9150865,8181,13482,298,23509,Running,53.1,Healthy,Normal
2026-07-14 15:48:08,27.4,73.0,60.4,59086475264,48912136192,11986042,9255358,8234,13595,298,23515,Running,55.3,Healthy,Normal
2026-07-14 15:48:14,30.2,73.1,60.4,59086831616,48913262592,12075956,9302952,8294,13712,298,23522,Running,71.6,Healthy,Normal
2026-07-14 15:48:21,47.2,72.9,60.4,59087060992,48914520064,12206654,9348912,8367,13866,298,23528,Running,72.5,Healthy,Normal
2026-07-14 15:48:27,51.4,72.8,60.4,59087228928,48915408896,12239508,9439438,8407,13923,298,23534,Running,49.3,Healthy,Normal
2026-07-14 15:48:33,50.9,72.6,60.4,59087392768,48919451648,12243232,9440759,8415,13935,298,23541,Running,51.2,Healthy,Normal
2026-07-14 15:48:39,50.5,72.6,60.4,59087458304,48920139776,12302202,9458880,8455,14005,298,23547,Running,49.8,Healthy,Normal
2026-07-14 15:48:46,45.8,72.8,60.4,59087523840,48920651776,12305818,9461262,8461,14016,298,23553,Running,49.5,Healthy,Normal
2026-07-14 15:48:52,48.9,72.9,60.4,59088392192,48921466880,12332701,9467169,8476,14050,298,23559,Running,52.4,Healthy,Normal
2026-07-14 15:48:58,17.7,73.3,60.4,59096288256,48929497088,12406281,9783590,8637,14362,298,23566,Running,63.3,Healthy,Normal
2026-07-14 15:49:05,51.3,73.1,60.4,59104547328,48930836480,12429642,9834177,8691,14447,299,23572,Running,59.2,Healthy,Normal
2026-07-14 15:49:11,23.6,73.1,60.4,59106468352,48932655104,12467894,9846566,8719,14509,299,23578,Running,64.8,Healthy,Normal
2026-07-14 15:49:17,12.1,74.2,60.4,59155502080,48938823680,12489596,9853290,8752,14540,299,23585,Running,75.7,Healthy,Normal
2026-07-14 15:49:24,34.7,74.0,60.4,59163674624,48940584960,12517631,9883537,8784,14583,299,23591,Running,77.0,Healthy,Normal
2026-07-14 15:49:30,47.6,74.1,60.4,59166038528,48942878720,12522482,9885114,8792,14595,299,23597,Running,67.9,Healthy,Normal
2026-07-14 15:49:36,53.5,73.9,60.4,59169167872,48948551680,12526427,9888946,8802,14613,299,23604,Running,50.6,Healthy,Normal
2026-07-14 15:49:43,39.9,73.9,60.4,59175029248,48949415936,12539367,9893615,8815,14642,299,23610,Running,52.9,Healthy,Normal
2026-07-14 15:49:49,48.5,73.8,60.4,59176204800,48951394304,12543073,9896841,8822,14657,299,23616,Running,54.5,Healthy,Normal
2026-07-14 15:49:55,51.0,73.8,60.4,59181832192,48953241600,12547126,9900116,8835,14679,299,23622,Running,52.6,Healthy,Normal
2026-07-14 15:50:01,49.9,73.8,60.4,59182475264,48954712064,12551530,9903290,8847,14698,299,23628,Running,51.2,Healthy,Normal
2026-07-14 15:50:07,51.4,73.8,60.4,59182483968,48955736576,12555141,9904623,8852,14704,299,23635,Running,49.8,Healthy,Normal
2026-07-14 15:50:13,49.3,73.7,60.4,59182533120,48956834304,12566180,9910478,8867,14723,299,23641,Running,50.7,Healthy,Normal
2026-07-14 15:50:20,51.0,73.7,60.4,59182729728,48957948416,12590990,9918257,8882,14763,299,23647,Running,53.2,Healthy,Normal
2026-07-14 15:50:26,52.7,73.7,60.4,59182856704,48959152640,12604475,9925137,8899,14786,299,23653,Running,49.1,Healthy,Normal
2026-07-14 15:50:32,53.7,73.6,60.4,59183057408,48960160256,12608143,9928384,8906,14802,299,23659,Running,50.1,Healthy,Normal
2026-07-14 15:50:38,46.9,73.5,60.4,59183217152,48961229312,12611812,9931529,8913,14815,297,23665,Running,50.0,Healthy,Normal
2026-07-14 15:50:44,51.0,73.5,60.4,59185228288,48962028032,12615452,9934018,8919,14828,297,23672,Running,50.2,Healthy,Normal
2026-07-14 15:50:50,43.8,73.5,60.4,59187455488,48965956096,12628362,9937210,8933,14851,297,23678,Running,53.2,Healthy,Normal
2026-07-14 15:50:57,49.4,73.5,60.4,59187762688,48966812160,12631918,9938447,8938,14860,297,23684,Running,57.8,Healthy,Normal
2026-07-14 15:51:03,50.8,73.5,60.4,59188614656,48967758336,12635930,9941540,8950,14876,297,23690,Running,51.8,Healthy,Normal
2026-07-14 15:51:09,50.3,73.5,60.4,59188930048,48968569344,12639688,9943016,8955,14884,297,23696,Running,48.7,Healthy,Normal
2026-07-14 15:51:15,51.2,73.6,60.4,59189102080,48969409024,12643439,9944325,8963,14894,297,23703,Running,49.6,Healthy,Normal
2026-07-14 15:51:21,52.0,73.6,60.4,59189261824,48970502656,12647020,9946508,8969,14907,297,23709,Running,48.5,Healthy,Normal
2026-07-14 15:51:28,50.8,73.5,60.4,59189351936,48971280896,12653785,9947824,8975,14916,297,23715,Running,48.6,Healthy,Normal
2026-07-14 15:51:34,50.2,73.5,60.4,59189638656,48971928064,12657455,9949819,8982,14929,297,23721,Running,49.0,Healthy,Normal
2026-07-14 15:51:40,40.3,73.7,60.4,59189769728,48972784128,12661097,9952813,8988,14943,297,23727,Running,53.0,Healthy,Normal
2026-07-14 15:51:46,48.8,73.6,60.4,59189868032,48976486912,12664533,9955092,8992,14953,297,23733,Running,50.5,Healthy,Normal
2026-07-14 15:51:52,50.5,73.5,60.4,59189941760,48977072640,12668148,9957011,8998,14964,297,23740,Running,49.1,Healthy,Normal
2026-07-14 15:51:58,51.5,73.5,60.4,59190400512,48978027008,12671710,9959183,9003,14974,297,23746,Running,50.0,Healthy,Normal
2026-07-14 15:52:05,50.5,73.5,60.4,59190466048,48978977280,12675561,9963250,9012,14993,297,23752,Running,50.7,Healthy,Normal
2026-07-14 15:52:11,51.8,73.5,60.4,59190498816,48979636736,12679172,9966446,9018,15006,297,23758,Running,49.4,Healthy,Normal
2026-07-14 15:52:17,46.8,73.5,60.4,59190515200,48980308480,12703690,9972154,9029,15037,297,23764,Running,50.8,Healthy,Normal
2026-07-14 15:52:23,46.8,73.5,60.4,59190679040,48981438976,12710786,9975628,9038,15054,297,23770,Running,51.8,Healthy,Normal
2026-07-14 15:52:29,48.2,73.6,60.4,59191252480,48984904192,12714397,9977540,9044,15063,297,23777,Running,50.5,Healthy,Normal
2026-07-14 15:52:35,46.8,73.7,60.4,59191268864,48985616896,12718010,9980024,9050,15076,297,23783,Running,50.2,Healthy,Normal
2026-07-14 15:52:42,49.0,73.6,60.4,59191301632,48989180416,12721561,9980972,9055,15085,297,23789,Running,51.4,Healthy,Normal
2026-07-14 15:52:48,50.4,73.6,60.4,59191383552,48990425600,12734360,9984795,9067,15109,297,23795,Running,51.3,Healthy,Normal
2026-07-14 15:52:54,51.5,73.5,60.4,59191604736,48991040000,12737966,9986310,9073,15118,297,23801,Running,48.8,Healthy,Normal
2026-07-14 15:53:00,48.9,73.6,60.4,59191670272,48991937024,12741604,9987494,9079,15126,297,23807,Running,50.4,Healthy,Normal
2026-07-14 15:53:06,51.0,73.6,60.4,59191793152,48992895488,12745232,9989332,9085,15136,297,23814,Running,50.1,Healthy,Normal
2026-07-14 15:53:12,50.1,73.6,60.4,59191989760,48993612288,12748870,9990587,9091,15145,298,23820,Running,51.3,Healthy,Normal
2026-07-14 15:53:19,54.0,73.8,60.4,59194992640,48994902528,12752599,9992413,9099,15155,298,23826,Running,49.8,Healthy,Normal
2026-07-14 15:53:25,31.2,73.1,60.4,59197564416,48996459008,12834376,10123433,9179,15289,297,23832,Running,59.7,Healthy,Normal
2026-07-14 15:53:31,19.2,74.0,60.4,59203036160,49004155392,12891803,10228294,9293,15435,298,23839,Running,69.1,Healthy,Normal
2026-07-14 15:53:38,46.2,73.7,60.4,59203167232,49006088704,12896698,10231240,9306,15456,298,23845,Running,71.1,Healthy,Normal
2026-07-14 15:53:44,50.1,73.7,60.4,59204477952,49011716608,12900486,10232688,9314,15468,298,23851,Running,53.9,Healthy,Normal
2026-07-14 15:53:50,50.0,73.7,60.4,59204723712,49012830720,12912881,10236731,9327,15492,298,23857,Running,48.9,Healthy,Normal
2026-07-14 15:53:56,53.2,73.8,60.4,59204891648,49014034944,12931979,10250721,9354,15538,298,23863,Running,49.0,Healthy,Normal
2026-07-14 15:54:02,49.9,73.6,60.4,59205294592,49015120384,12935650,10254258,9361,15554,297,23870,Running,51.1,Healthy,Normal
2026-07-14 15:54:08,52.2,73.5,60.4,59205650944,49015837184,12939272,10256037,9367,15564,297,23876,Running,49.1,Healthy,Normal
2026-07-14 15:54:15,50.4,73.5,60.4,59206392320,49016578560,12943024,10259430,9375,15582,297,23882,Running,49.1,Healthy,Normal
2026-07-14 15:54:21,50.1,73.5,60.4,59206474240,49017344512,12972571,10269473,9395,15622,297,23888,Running,50.2,Healthy,Normal
2026-07-14 15:54:27,36.7,73.7,60.4,59206920704,49018573312,12979655,10270827,9403,15632,297,23894,Running,55.6,Healthy,Normal
2026-07-14 15:54:33,100.0,72.7,60.4,59207639552,49041412608,12990801,10276683,9433,15665,297,23901,Degraded,1.6,Unhealthy,Anomaly
2026-07-14 15:54:40,100.0,72.3,60.4,59208458752,49043329536,12994680,10279550,9441,15681,297,23907,Degraded,0.0,Unhealthy,Anomaly
2026-07-14 15:54:46,100.0,71.2,60.4,59208458752,49043628544,12998259,10283128,9447,15694,297,23914,Degraded,0.0,Unhealthy,Anomaly
2026-07-14 15:54:52,100.0,71.2,60.4,59208475136,49043776000,13001979,10284982,9455,15708,297,23920,Degraded,0.0,Unhealthy,Anomaly
2026-07-14 15:54:59,100.0,71.2,60.4,59208659456,49045230080,13005590,10286106,9461,15715,297,23926,Degraded,0.0,Unhealthy,Anomaly
2026-07-14 15:55:05,100.0,71.3,60.4,59208659456,49045508608,13009225,10287734,9468,15727,297,23933,Degraded,0.0,Unhealthy,Anomaly
2026-07-14 15:55:12,56.8,71.6,60.4,59208851968,49046032896,13046122,10299451,9499,15779,297,23939,Running,9.3,Healthy,Normal
2026-07-14 15:55:18,47.5,71.9,60.4,59208925696,49046344192,13091998,10353496,9547,15846,297,23945,Running,51.8,Healthy,Normal
2026-07-14 15:55:24,50.8,71.8,60.4,59209253376,49047048704,13099208,10355514,9558,15861,297,23951,Running,51.8,Healthy,Normal
2026-07-14 15:55:30,51.0,71.7,60.4,59209269760,49051419136,13102931,10356667,9563,15870,297,23958,Running,48.6,Healthy,Normal
2026-07-14 15:55:36,50.7,71.5,60.4,59209351680,49052406272,13106545,10358187,9569,15879,297,23964,Running,48.9,Healthy,Normal
2026-07-14 15:55:43,51.3,71.4,60.4,59209351680,49053340160,13128656,10361937,9584,15907,297,23970,Running,49.7,Healthy,Normal
2026-07-14 15:55:49,50.5,71.4,60.4,59209372160,49054286336,13132187,10365282,9589,15920,297,23976,Running,49.5,Healthy,Normal
2026-07-14 15:55:55,51.4,71.4,60.4,59209384448,49054958080,13135881,10367929,9596,15933,297,23982,Running,49.4,Healthy,Normal
2026-07-14 15:56:01,50.8,71.4,60.4,59209613824,49056219648,13152100,10374037,9609,15966,296,23988,Running,49.1,Healthy,Normal
2026-07-14 15:56:07,50.2,71.3,60.4,59209662976,49057026560,13155687,10376813,9615,15977,296,23994,Running,49.3,Healthy,Normal
2026-07-14 15:56:13,50.5,71.4,60.4,59209810432,49057837568,13190012,10389568,9640,16025,296,24001,Running,49.4,Healthy,Normal
2026-07-14 15:56:20,46.3,71.4,60.4,59209875968,49061925376,13214515,10396751,9651,16060,296,24007,Running,50.2,Healthy,Normal
2026-07-14 15:56:26,50.5,71.4,60.4,59209974272,49062879744,13221320,10397493,9657,16068,296,24013,Running,49.5,Healthy,Normal
2026-07-14 15:56:32,50.7,71.3,60.4,59210236416,49063633408,13235208,10401351,9668,16094,296,24019,Running,49.5,Healthy,Normal
2026-07-14 15:56:38,50.7,71.4,60.4,59210375680,49064333824,13238814,10402816,9674,16102,297,24025,Running,49.3,Healthy,Normal
2026-07-14 15:56:44,50.3,71.4,60.4,59210400256,49065353728,13242594,10404132,9682,16112,297,24031,Running,49.8,Healthy,Normal
2026-07-14 15:56:50,51.4,71.4,60.4,59210908160,49067536896,13246203,10405759,9689,16124,297,24038,Running,48.8,Healthy,Normal
2026-07-14 15:56:56,50.8,71.4,60.4,59211039232,49068257792,13249984,10407706,9697,16135,297,24044,Running,49.1,Healthy,Normal
2026-07-14 15:57:03,50.2,71.4,60.4,59211137536,49069064704,13253596,10409569,9703,16146,297,24050,Running,49.6,Healthy,Normal
2026-07-14 15:57:09,51.1,71.4,60.4,59211137536,49069855232,13257154,10411675,9708,16155,297,24056,Running,49.4,Healthy,Normal
2026-07-14 15:57:15,43.6,71.4,60.4,59211530752,49070932480,13278773,10420219,9730,16189,297,24062,Running,51.6,Healthy,Normal
2026-07-14 15:57:21,33.2,72.1,60.4,59212042752,49075261952,13463843,10584059,9817,16406,297,24069,Running,71.7,Healthy,Normal
2026-07-14 15:57:28,23.4,72.3,60.4,59212042752,49075913216,13598209,10638692,9888,16568,297,24075,Running,70.2,Healthy,Normal
2026-07-14 15:57:34,50.4,71.4,60.4,59212141056,49076695552,13634643,10646829,9913,16609,297,24081,Running,50.0,Healthy,Normal
2026-07-14 15:57:40,53.1,71.4,60.4,59212190208,49077428736,13638392,10649419,9921,16623,297,24087,Running,48.1,Healthy,Normal
2026-07-14 15:57:46,100.0,71.3,60.4,59212300800,49078587904,13700352,10659825,9954,16691,297,24094,Degraded,37.5,Unhealthy,Anomaly
2026-07-14 15:57:53,75.5,71.5,60.4,59212460544,49079325184,13769612,10692497,10008,16785,298,24100,Running,5.0,Healthy,Normal
2026-07-14 15:57:59,41.6,71.5,60.4,59212657152,49080799744,13792933,10716047,10039,16837,298,24106,Running,51.2,Healthy,Normal
2026-07-14 15:58:05,50.5,71.3,60.4,59212689920,49081152000,13798440,10722358,10053,16857,298,24112,Running,49.5,Healthy,Normal
2026-07-14 15:58:11,46.7,71.3,60.4,59212788224,49081573888,13804751,10727750,10068,16875,298,24119,Running,55.1,Healthy,Normal
2026-07-14 15:58:17,45.0,71.4,60.4,59212984832,49081909760,13825573,10745659,10105,16918,298,24125,Running,54.5,Healthy,Normal
2026-07-14 15:58:24,52.9,71.6,60.4,59214754304,49082638848,13865016,10879714,10204,17076,299,24131,Running,50.1,Healthy,Normal
2026-07-14 15:58:30,41.2,71.9,60.4,59217054720,49083380224,14043065,10973141,10270,17248,299,24137,Running,51.4,Healthy,Normal
2026-07-14 15:58:36,50.7,72.0,60.4,59217349632,49083740672,14105389,11020419,10329,17341,299,24143,Running,51.7,Healthy,Normal
2026-07-14 15:58:42,45.8,71.9,60.4,59217562624,49083945472,14204345,11064253,10394,17455,299,24150,Running,55.3,Healthy,Normal
2026-07-14 15:58:49,53.9,71.4,60.4,59217636352,49084973568,14229980,11070479,10404,17489,299,24156,Running,47.9,Healthy,Normal
2026-07-14 15:58:55,49.2,71.5,60.4,59217636352,49085452800,14265296,11075945,10416,17523,299,24162,Running,48.2,Healthy,Normal
2026-07-14 15:59:01,48.0,71.2,60.4,59217636352,49086059008,14294108,11087029,10433,17561,299,24168,Running,51.0,Healthy,Normal
2026-07-14 15:59:07,47.9,71.2,60.4,59217636352,49086370304,14313217,11088707,10444,17572,299,24175,Running,51.6,Healthy,Normal
2026-07-14 15:59:13,46.4,71.4,60.4,59217701888,49086513664,14353448,11104822,10483,17649,299,24181,Running,52.4,Healthy,Normal
2026-07-14 15:59:20,49.4,71.4,60.4,59218054144,49086976512,14359367,11108686,10500,17671,299,24187,Running,51.7,Healthy,Normal
2026-07-14 15:59:26,16.3,71.5,60.4,59218582528,49088217600,14373516,11120494,10535,17703,300,24193,Running,57.8,Healthy,Normal
2026-07-14 15:59:32,53.9,71.7,60.4,59218947072,49088414208,14473554,11141511,10571,17795,300,24200,Running,71.2,Healthy,Normal
2026-07-14 15:59:39,33.2,72.1,60.4,59219233792,49088852480,14574381,11234835,10638,17944,299,24206,Running,76.0,Healthy,Normal
2026-07-14 15:59:45,47.5,72.6,60.4,59219319808,49089069568,14695133,11283586,10685,18075,299,24212,Running,52.5,Healthy,Normal
2026-07-14 15:59:51,50.5,72.6,60.4,59219598336,49089622528,14728150,11288217,10700,18107,298,24218,Running,51.4,Healthy,Normal
2026-07-14 15:59:57,50.9,72.6,60.4,59219921920,49090105856,14742088,11294357,10709,18135,298,24225,Running,50.9,Healthy,Normal
2026-07-14 16:00:03,51.5,71.8,60.4,59220043264,49090671104,14767906,11299415,10721,18171,298,24231,Running,48.8,Healthy,Normal
2026-07-14 16:00:10,50.7,71.3,60.4,59220207104,49091703296,14792089,11303436,10728,18189,298,24237,Running,50.3,Healthy,Normal
2026-07-14 16:00:16,47.4,71.2,60.4,59220207104,49091912192,14838701,11315166,10754,18249,298,24243,Running,50.0,Healthy,Normal
2026-07-14 16:00:22,50.4,71.2,60.4,59220493824,49092428288,14847483,11322682,10771,18269,297,24249,Running,50.7,Healthy,Normal
2026-07-14 16:00:28,51.2,71.1,60.4,59220506112,49095127552,14854123,11323117,10776,18275,297,24255,Running,49.6,Healthy,Normal
2026-07-14 16:00:34,50.7,71.2,60.4,59220506112,49095877120,14866088,11332752,10799,18305,297,24261,Running,49.2,Healthy,Normal
2026-07-14 16:00:40,50.4,71.1,60.4,59220538880,49097216512,14899810,11338842,10817,18345,297,24268,Running,49.9,Healthy,Normal
2026-07-14 16:00:46,50.5,71.1,60.4,59220538880,49097970176,14903422,11340604,10823,18354,297,24274,Running,49.5,Healthy,Normal
2026-07-14 16:00:53,50.9,71.1,60.4,59220624896,49098363392,14919479,11347642,10842,18386,297,24280,Running,49.7,Healthy,Normal
2026-07-14 16:00:59,50.6,71.2,60.4,59220624896,49099379200,14924046,11350672,10853,18401,297,24286,Running,48.8,Healthy,Normal
2026-07-14 16:01:05,48.6,71.2,60.4,59220641280,49100358144,14949691,11360817,10884,18445,297,24292,Running,49.8,Healthy,Normal
2026-07-14 16:01:11,50.7,71.1,60.4,59220690432,49100665344,14962868,11363313,10895,18463,297,24298,Running,49.1,Healthy,Normal
2026-07-14 16:01:17,51.9,71.1,60.4,59220755968,49101013504,14973912,11370072,10910,18485,297,24305,Running,49.4,Healthy,Normal
2026-07-14 16:01:23,50.8,71.1,60.4,59220985344,49101722112,14981109,11372780,10920,18502,297,24311,Running,49.3,Healthy,Normal
2026-07-14 16:01:30,49.4,71.1,60.4,59221100032,49102209536,14993562,11377132,10931,18527,297,24317,Running,49.2,Healthy,Normal
2026-07-14 16:01:36,51.2,71.3,60.4,59221247488,49102365184,15003123,11381246,10942,18551,297,24323,Running,51.1,Healthy,Normal
2026-07-14 16:01:42,48.5,71.5,60.4,59221313024,49103278592,15027992,11388280,10959,18592,297,24329,Running,57.1,Healthy,Normal
2026-07-14 16:01:48,49.7,71.7,60.4,59221427712,49103860224,15031642,11391629,10965,18608,297,24335,Running,52.9,Healthy,Normal
2026-07-14 16:01:54,46.3,71.9,60.4,59221624320,49105146368,15072835,11418458,11022,18685,297,24342,Running,55.7,Healthy,Normal
2026-07-14 16:02:00,49.1,71.7,60.4,59221739008,49105641984,15079201,11423841,11037,18709,298,24348,Running,52.6,Healthy,Normal
2026-07-14 16:02:07,48.8,71.7,60.4,59221935616,49106051584,15088436,11438193,11066,18741,298,24354,Running,52.9,Healthy,Normal
2026-07-14 16:02:13,41.3,71.8,60.4,59221935616,49110086144,15106160,11443617,11090,18777,298,24360,Running,54.6,Healthy,Normal
2026-07-14 16:02:19,12.0,72.3,60.4,59222197760,49111089664,15277657,11537195,11164,18965,298,24366,Running,66.5,Healthy,Normal
2026-07-14 16:02:25,39.7,72.4,60.4,59222345216,49112379904,15397335,11588651,11236,19104,298,24373,Running,73.7,Healthy,Normal
2026-07-14 16:02:32,50.9,72.3,60.4,59222345216,49113199104,15421521,11592594,11245,19133,298,24379,Running,50.2,Healthy,Normal
2026-07-14 16:02:38,49.8,71.6,60.4,59222345216,49114190336,15425188,11593762,11252,19141,298,24385,Running,49.6,Healthy,Normal
2026-07-14 16:02:44,50.8,71.4,60.4,59222394368,49115034112,15438166,11597106,11263,19166,298,24391,Running,49.1,Healthy,Normal
2026-07-14 16:02:50,51.6,71.3,60.4,59222509056,49116226048,15483065,11603844,11275,19208,298,24397,Running,49.3,Healthy,Normal
2026-07-14 16:02:56,47.3,71.4,60.4,59222574592,49116971520,15511308,11609766,11289,19242,298,24404,Running,50.3,Healthy,Normal
2026-07-14 16:03:02,47.3,71.7,60.4,59222615552,49121030656,15515062,11612130,11297,19255,298,24410,Running,50.5,Healthy,Normal
2026-07-14 16:03:09,48.6,71.7,60.4,59222631936,49122025984,15518530,11614557,11301,19265,298,24416,Running,52.0,Healthy,Normal
2026-07-14 16:03:15,48.8,71.7,60.4,59222631936,49122906624,15543449,11622974,11320,19300,298,24422,Running,50.0,Healthy,Normal
2026-07-14 16:03:21,53.6,71.7,60.4,59222799872,49124065792,15577127,11630578,11333,19343,298,24428,Running,50.7,Healthy,Normal
2026-07-14 16:03:27,50.8,71.8,60.4,59222865408,49125085696,15588858,11718390,11362,19384,298,24435,Running,47.3,Healthy,Normal
2026-07-14 16:03:33,48.1,71.7,60.4,59222898176,49125933568,15592557,11722564,11369,19403,298,24441,Running,49.4,Healthy,Normal
2026-07-14 16:03:40,51.5,71.6,60.4,59222930944,49127014912,15595994,11723517,11373,19410,298,24447,Running,50.5,Healthy,Normal
2026-07-14 16:03:46,100.0,70.8,60.4,59223311872,49131827712,15615673,11730308,11400,19454,298,24453,Degraded,24.1,Unhealthy,Anomaly
2026-07-14 16:09:42,9.4,66.5,60.4,59275502592,49182183424,17238382,12831536,12746,21932,280,24809,Running,89.8,Healthy,Normal
2026-07-14 16:09:48,4.8,66.4,60.4,59275764736,49186213888,17248255,12835170,12754,21953,280,24815,Running,93.7,Healthy,Normal
2026-07-14 16:09:54,2.8,66.4,60.4,59275797504,49187209216,17251943,12838573,12762,21971,280,24821,Running,96.0,Healthy,Normal
2026-07-14 16:10:00,2.6,66.5,60.4,59275813888,49188196352,17255558,12841507,12768,21984,280,24827,Running,95.5,Healthy,Normal
2026-07-14 16:10:06,4.4,67.7,60.4,59275867136,49188913152,17259309,12844819,12776,22001,283,24834,Running,96.1,Healthy,Normal
2026-07-14 16:10:12,13.4,75.5,60.4,59294574592,49192488960,17276126,12846033,12788,22011,282,24840,Running,93.2,Healthy,Normal
2026-07-14 16:10:18,4.4,80.2,60.4,59304178176,49310965760,17282934,12851812,12794,22029,282,24846,Running,91.2,Healthy,Normal
2026-07-14 16:10:24,6.4,86.8,60.4,59313664512,49332281344,17288032,12855026,12801,22045,282,24852,Running,93.8,Healthy,Normal
2026-07-14 16:10:30,15.0,88.1,60.4,59317350912,50293407744,17294772,12856644,12806,22055,282,24858,Running,90.5,Healthy,Normal
2026-07-14 16:10:36,7.5,94.1,60.4,59321839104,50295803904,17305762,12861387,12824,22072,282,24864,Degraded,93.2,Unhealthy,Anomaly
2026-07-14 16:10:42,6.9,98.0,60.4,59372920320,50345975808,17309397,12863747,12830,22086,282,24870,Degraded,92.6,Unhealthy,Anomaly
2026-07-14 16:10:48,8.0,99.4,60.4,59433064960,50359525376,17324128,12873290,12857,22115,281,24876,Degraded,89.1,Unhealthy,Anomaly
2026-07-14 16:10:54,13.1,98.0,60.4,59449599488,50458484736,17337062,12886816,12878,22148,281,24882,Degraded,86.1,Unhealthy,Anomaly
2026-07-14 16:11:01,8.4,99.4,60.4,59464628736,50459602944,17342587,12897915,12890,22162,281,24888,Degraded,90.0,Unhealthy,Anomaly
2026-07-14 16:11:07,15.3,99.8,60.4,59476776448,50461839360,17397623,12909937,12920,22221,281,24894,Degraded,89.7,Unhealthy,Anomaly
2026-07-14 16:11:13,8.7,99.4,60.4,59483200512,50464014336,17412966,12913106,12938,22240,281,24900,Degraded,91.1,Unhealthy,Anomaly
2026-07-14 16:11:19,7.6,99.2,60.4,59489203712,50466086912,17416640,12917416,12945,22251,281,24906,Degraded,91.4,Unhealthy,Anomaly
2026-07-14 16:11:25,6.5,99.4,60.4,59490987008,50467065856,17431523,12919678,12956,22265,281,24912,Degraded,88.9,Unhealthy,Anomaly
2026-07-14 16:11:31,10.7,99.4,60.4,59491762688,50468622336,17438200,12924151,12961,22287,281,24918,Degraded,91.4,Unhealthy,Anomaly
2026-07-14 16:11:37,10.1,99.4,60.4,59499577344,50472783872,17446388,12927176,12979,22307,281,24924,Degraded,87.8,Unhealthy,Anomaly
2026-07-14 16:11:43,6.2,99.4,60.4,59503980544,50474659840,17472508,12945850,13013,22358,281,24930,Degraded,90.8,Unhealthy,Anomaly
2026-07-14 16:11:49,6.5,99.0,60.4,59667004416,50475536384,17476266,12947580,13021,22366,281,24936,Degraded,91.2,Unhealthy,Anomaly
2026-07-14 16:11:55,3.0,98.1,60.4,59683545088,50715992064,17479737,12949025,13025,22375,281,24942,Degraded,92.0,Unhealthy,Anomaly
2026-07-14 16:12:01,6.4,99.0,60.4,59695435264,50717577216,17483206,12950831,13029,22384,281,24948,Degraded,94.0,Unhealthy,Anomaly
2026-07-14 16:12:07,4.1,98.9,60.4,59711733248,50847174656,17489047,12954833,13045,22405,281,24954,Degraded,92.7,Unhealthy,Anomaly
2026-07-14 16:12:13,5.6,99.4,60.4,59724480512,50853634048,17499951,12960892,13058,22423,281,24960,Degraded,93.5,Unhealthy,Anomaly
2026-07-14 16:12:19,3.7,99.5,60.4,59729124864,50854486016,17503584,12961407,13065,22430,281,24966,Degraded,94.7,Unhealthy,Anomaly
2026-07-14 16:12:25,4.5,99.3,62.8,59750336512,50858639360,17514186,12979227,13086,22460,282,24972,Degraded,93.8,Unhealthy,Anomaly
2026-07-14 16:12:31,2.8,99.4,62.8,59786317312,50861756416,17520840,12981708,13090,22471,281,24978,Degraded,94.6,Unhealthy,Anomaly
2026-07-14 16:12:37,3.1,99.4,62.8,59788750336,50862923776,17524642,12985283,13098,22486,281,24984,Degraded,95.8,Unhealthy,Anomaly
2026-07-14 16:12:43,3.0,99.4,62.8,59805756928,50863693824,17528188,12987678,13103,22500,281,24990,Degraded,95.0,Unhealthy,Anomaly
2026-07-14 16:12:49,2.8,99.5,62.8,59811024384,50864427008,17532077,12991108,13114,22519,280,24996,Degraded,94.7,Unhealthy,Anomaly
2026-07-14 16:12:55,5.0,99.4,62.8,59815832064,50865102848,17535546,12992501,13118,22526,280,25002,Degraded,94.3,Unhealthy,Anomaly
2026-07-14 16:13:01,13.3,40.2,60.4,60236680192,50866724864,17594854,13128037,13254,22713,280,25008,Running,88.4,Healthy,Normal
2026-07-14 16:13:07,4.4,40.7,60.4,60257783808,50879643648,17654159,13617416,13349,22886,280,25014,Running,92.5,Healthy,Normal
2026-07-14 16:13:13,2.3,40.6,60.4,60268391936,50881634304,17665243,13622475,13366,22910,281,25020,Running,96.3,Healthy,Normal
2026-07-14 16:13:19,2.6,40.9,60.4,60275455488,50885898240,17668774,13624834,13371,22921,282,25026,Running,93.5,Healthy,Normal
2026-07-14 16:13:25,4.6,41.1,60.4,60292400640,50887131136,17676373,13711925,13397,22956,283,25032,Running,95.4,Healthy,Normal
2026-07-14 18:31:10,6.2,61.8,60.4,63555372032,51498693120,8022131,40968307,12129,37513,289,33299,Running,90.7,Healthy,Normal
2026-07-14 18:31:16,4.5,61.8,60.4,63556148224,51501011456,8053066,41710855,12231,38127,291,33305,Running,93.1,Healthy,Normal
2026-07-14 18:31:22,12.2,62.2,60.4,63556713472,51502510592,8068634,42346005,12322,38653,291,33311,Running,91.7,Healthy,Normal
2026-07-14 18:31:28,12.1,61.7,60.4,63557311488,51504591360,8126307,42366125,12402,38761,289,33317,Running,86.3,Healthy,Normal
2026-07-14 18:31:35,9.9,61.0,60.4,63557686272,51507368448,8131217,42367850,12413,38772,289,33323,Running,89.5,Healthy,Normal
2026-07-14 18:31:41,4.8,60.5,60.4,63557702656,51508216320,8134838,42369075,12419,38781,289,33329,Running,93.1,Healthy,Normal
2026-07-14 18:31:47,14.8,60.7,60.4,63557997568,51509367296,8213819,42456714,12626,39002,288,33335,Running,90.2,Healthy,Normal
2026-07-14 18:31:53,6.1,60.9,60.4,63560345088,51514233344,8593564,43067681,12963,39527,288,33341,Running,89.7,Healthy,Normal
2026-07-14 18:31:59,6.1,59.1,60.4,63563456512,51524219392,8750139,43486136,13150,39844,287,33347,Running,91.2,Healthy,Normal
2026-07-14 18:32:05,6.4,59.2,60.4,63565937152,51532780032,9107888,43916378,13462,40323,287,33353,Running,89.0,Healthy,Normal
2026-07-14 18:32:11,16.0,59.8,60.2,63577712128,51548369408,9484260,46666948,14580,41688,289,33359,Running,86.7,Healthy,Normal
2026-07-14 18:32:17,3.6,59.9,60.2,63584183296,51565793792,10022469,47104648,15038,42333,289,33365,Running,88.6,Healthy,Normal
2026-07-14 18:32:23,9.4,60.0,60.2,63605452800,51628511744,10258022,67808477,16985,44511,292,33371,Running,87.8,Healthy,Normal
2026-07-14 18:32:29,13.5,59.9,60.2,63606300672,51632431616,10274995,67813190,17019,44552,292,33377,Running,89.8,Healthy,Normal
2026-07-14 18:36:40,8.6,68.2,60.2,63649933824,51734602240,13754789,129617863,27759,96430,292,33628,Running,89.8,Healthy,Normal
2026-07-14 18:36:46,8.6,68.1,60.2,63650126336,51739226624,13801221,131665171,27993,98060,294,33634,Running,89.2,Healthy,Normal
2026-07-14 18:36:52,11.5,68.2,60.2,63662425600,51742028288,13860883,136032208,28448,101494,294,33640,Running,89.7,Healthy,Normal
2026-07-14 18:36:58,16.7,67.8,60.2,63665226752,51742949888,13901371,139303419,28822,104049,293,33646,Running,87.8,Healthy,Normal
2026-07-14 18:38:53,7.7,59.1,60.2,63678678016,51813495296,17222051,162750588,35411,115967,290,33761,Running,92.0,Healthy,Normal
2026-07-14 18:38:59,6.7,59.1,60.3,63679259648,51836482048,17401861,175465649,37311,117879,290,33767,Running,91.6,Healthy,Normal
2026-07-14 18:39:05,10.1,59.0,60.3,63679370240,51878445568,17653585,195019085,40018,120587,289,33773,Running,89.5,Healthy,Normal
2026-07-14 18:39:11,7.3,59.2,60.3,63679652864,51902472704,18121383,221559496,43547,124203,289,33779,Running,86.8,Healthy,Normal
2026-07-14 18:39:17,5.0,59.1,60.3,63679861760,51933639168,18582409,257132985,47852,128543,289,33785,Running,91.6,Healthy,Normal
2026-07-14 18:39:23,21.9,59.6,60.3,63684515328,51957694976,18865374,282866781,50968,131661,290,33791,Running,89.5,Healthy,Normal
2026-07-14 18:39:29,6.6,59.8,60.3,63688160256,51987059200,19328718,320643504,56018,136717,290,33797,Running,88.7,Healthy,Normal
2026-07-14 18:39:35,11.6,59.2,60.3,63688516608,52011422208,19612025,343421048,58883,139612,289,33803,Running,88.4,Healthy,Normal
2026-07-14 18:39:41,7.5,59.0,60.3,63688909312,52044251648,19978491,379103277,62890,143623,289,33809,Running,90.4,Healthy,Normal
2026-07-14 18:39:47,11.5,59.4,60.3,63689994240,52057412096,20519593,395929334,65207,146096,289,33815,Running,89.6,Healthy,Normal
2026-07-14 18:39:53,10.4,59.4,60.3,63690031104,52062319104,20647821,396783110,65508,146475,289,33821,Running,88.4,Healthy,Normal
2026-07-14 18:39:59,9.1,59.4,60.3,63690100736,52065575424,20822172,398986288,66035,147080,289,33827,Running,90.8,Healthy,Normal
2026-07-14 18:40:05,11.2,59.4,60.3,63690182656,52073550336,20882149,403144837,66715,147769,289,33833,Running,91.2,Healthy,Normal
2026-07-14 18:40:11,10.2,59.4,60.3,63690362880,52081029632,21026314,411481815,68238,149297,289,33839,Running,91.0,Healthy,Normal
2026-07-14 18:40:17,7.7,59.1,60.4,63690579968,52097970688,21272696,425563946,70219,151302,289,33845,Running,89.3,Healthy,Normal
2026-07-14 18:40:23,9.3,59.2,60.4,63690665984,52123398656,21686935,456155897,74374,155485,289,33851,Running,88.9,Healthy,Normal
2026-07-14 18:40:29,10.1,59.1,60.4,63690899456,52154827264,22089959,491509921,78819,159939,289,33857,Running,89.2,Healthy,Normal
2026-07-14 18:40:35,8.8,58.9,60.4,63690964992,52183683584,22464788,524776955,82918,164036,289,33863,Running,89.6,Healthy,Normal
2026-07-14 18:40:41,15.7,58.9,60.4,63692795904,52199432704,22664478,543379555,85107,166230,289,33869,Running,88.6,Healthy,Normal
2026-07-14 18:40:47,12.0,59.0,60.4,63692914688,52207862272,22732608,546845905,85807,166938,289,33875,Running,91.2,Healthy,Normal
2026-07-14 18:40:53,11.2,59.0,60.4,63693443072,52219744768,22893027,556831361,87233,168388,289,33881,Running,89.4,Healthy,Normal
2026-07-14 18:40:59,16.1,58.9,60.4,63693635584,52240593408,23163173,575695304,90200,171364,289,33887,Running,89.2,Healthy,Normal
2026-07-14 18:41:05,11.0,59.0,60.4,63696015360,52263748096,23513666,601437414,94062,175233,288,33893,Running,87.6,Healthy,Normal
2026-07-14 18:41:11,12.8,59.0,60.4,63696990208,52290068992,24010850,637862395,99553,180731,288,33899,Running,88.9,Healthy,Normal
2026-07-14 18:41:17,8.4,58.9,60.4,63697088512,52308009472,24201962,652455337,101522,182695,288,33905,Running,92.4,Healthy,Normal
2026-07-14 18:41:23,9.6,59.7,60.4,63697260544,52330312192,24592930,681933051,105800,186985,289,33911,Running,86.8,Healthy,Normal
2026-07-14 18:41:29,10.2,59.6,60.4,63697276928,52365873664,24968231,712154143,109938,191131,289,33918,Running,90.8,Healthy,Normal
2026-07-14 18:41:35,7.9,58.9,60.5,63697371136,52394533376,25327120,741249903,113869,195071,288,33924,Running,88.5,Healthy,Normal
2026-07-14 18:43:15,13.4,60.2,60.7,63730809344,52952367616,31057033,1161710124,183974,268719,288,34024,Running,84.8,Healthy,Normal
2026-07-14 18:43:21,21.3,60.4,60.7,63732066816,52995707392,31802594,1201125627,194377,280046,289,34030,Running,85.6,Healthy,Normal
2026-07-14 18:43:27,9.2,60.5,60.7,63740484096,53050565120,32562326,1240665449,205719,292829,289,34036,Running,88.1,Healthy,Normal
2026-07-14 18:43:33,10.8,60.5,60.7,63743445504,53101847040,33194122,1280022287,215160,303270,289,34042,Running,88.5,Healthy,Normal
2026-07-14 18:43:39,9.6,60.4,60.7,63747938816,53141611008,33828101,1319349118,224023,312959,289,34048,Running,88.5,Healthy,Normal
2026-07-14 18:43:46,9.5,60.4,60.8,63748643328,53187473920,34496571,1358690407,233445,323747,289,34054,Running,90.1,Healthy,Normal
2026-07-14 18:43:52,8.8,60.4,60.8,63749888512,53225800192,35148644,1398029701,243071,334150,289,34060,Running,90.3,Healthy,Normal
2026-07-14 18:43:58,7.2,60.4,60.8,63752079872,53273453056,35830366,1437403059,252668,344573,289,34066,Running,90.1,Healthy,Normal
2026-07-14 18:44:04,9.8,60.4,60.8,63753546240,53311635968,36483586,1476802021,262281,355279,289,34072,Running,89.2,Healthy,Normal
2026-07-14 18:44:10,9.8,60.5,60.8,63755328000,53351272960,37214768,1516241015,272738,367476,289,34078,Running,90.3,Healthy,Normal
2026-07-14 18:44:16,8.9,60.4,60.8,63757376000,53399265792,37934883,1555706116,283208,379069,289,34084,Running,88.5,Healthy,Normal
2026-07-14 18:44:22,9.5,60.5,60.8,63759034880,53438550528,38522058,1595067136,292448,389429,289,34090,Running,88.2,Healthy,Normal
2026-07-14 18:44:28,9.9,60.4,60.9,63763089920,53488108032,39212866,1634525785,302913,400936,289,34096,Running,86.8,Healthy,Normal
2026-07-14 18:44:34,9.2,60.3,60.9,63769991680,53532131840,39834460,1673898099,312507,411349,289,34102,Running,90.1,Healthy,Normal
2026-07-14 18:44:40,9.0,60.3,60.9,63775664640,53573476864,40470135,1713282648,321762,421355,289,34108,Running,90.0,Healthy,Normal
2026-07-14 18:44:46,16.6,60.4,60.9,63786330624,53630468608,41133707,1752749721,331599,433160,289,34114,Running,87.6,Healthy,Normal
2026-07-14 18:44:52,12.0,60.5,60.9,63788124672,53668545024,41805131,1792099419,341201,443560,289,34120,Running,85.4,Healthy,Normal
2026-07-14 18:44:58,9.4,60.3,60.9,63792171520,53720957440,42444269,1831611252,350807,454217,289,34126,Running,86.2,Healthy,Normal
2026-07-14 18:45:04,13.3,60.5,60.9,63799052800,53764325888,43121188,1870984245,360795,464976,288,34132,Running,86.9,Healthy,Normal
2026-07-14 18:45:10,11.0,60.0,61.0,63808174592,53819703808,43764562,1910391318,370043,475014,287,34138,Running,84.1,Healthy,Normal
2026-07-14 18:45:16,17.5,60.6,61.0,63812557312,53863547392,44601582,1949890902,380864,487249,288,34144,Running,82.8,Healthy,Normal
2026-07-14 18:45:22,18.7,60.7,61.0,63816768000,53905887744,45259775,1989356100,390625,497847,288,34150,Running,84.1,Healthy,Normal
2026-07-14 18:45:28,14.4,60.5,61.0,63818652160,53953802752,45910448,2028703048,400258,508215,288,34156,Running,83.8,Healthy,Normal
2026-07-14 18:45:34,18.0,60.9,61.0,63821273600,53992444416,46642657,2068254915,410947,519940,289,34162,Running,83.5,Healthy,Normal
2026-07-14 18:45:40,16.8,60.6,61.0,63823931904,54053265920,47444594,2107836330,423125,534363,288,34168,Running,85.8,Healthy,Normal
2026-07-14 18:45:46,10.5,60.5,61.1,63825381888,54100812288,48282697,2147451006,435770,549170,288,34174,Running,86.9,Healthy,Normal
2026-07-14 18:45:52,10.5,60.1,61.1,63827081728,54149063168,49107580,2187028848,448518,564566,288,34180,Running,87.3,Healthy,Normal
2026-07-14 18:45:58,10.4,60.0,61.1,63829314048,54206771712,49959879,2226705181,461236,580484,288,34186,Running,88.3,Healthy,Normal
2026-07-14 18:46:04,10.0,60.0,61.1,63832562176,54252974592,50885596,2266366035,474866,597338,288,34192,Running,86.5,Healthy,Normal
2026-07-14 18:46:10,11.2,60.0,61.1,63835544064,54302315008,51769323,2306042099,488044,613318,288,34198,Running,89.7,Healthy,Normal
2026-07-14 18:46:16,14.5,59.9,61.1,63836346880,54339293696,52687608,2345806770,501771,631181,288,34204,Running,88.4,Healthy,Normal
2026-07-14 18:46:22,18.7,60.1,61.2,63840193024,54391714304,53505334,2385502812,514312,646968,288,34210,Running,83.8,Healthy,Normal
2026-07-14 18:46:28,12.9,60.5,61.2,63846693376,54434009600,54460589,2425157721,527512,662821,288,34216,Running,83.7,Healthy,Normal
2026-07-14 18:46:34,11.6,60.5,61.2,63848020480,54471746048,55265845,2464789381,540009,677842,288,34222,Running,86.1,Healthy,Normal
2026-07-14 18:46:40,16.7,60.8,61.2,63850785792,54519939584,56400413,2504416296,552543,693276,288,34228,Running,85.2,Healthy,Normal
2026-07-14 18:46:46,16.4,60.8,61.2,63854738432,54560510464,57273956,2544099711,565374,709208,288,34235,Running,83.9,Healthy,Normal
2026-07-14 18:46:52,17.9,60.7,61.2,63856233472,54607491584,58233293,2583718044,577963,724835,288,34241,Running,84.0,Healthy,Normal
2026-07-14 18:46:58,14.8,60.6,61.3,63857470464,54645494272,59083833,2623363509,590443,739667,287,34247,Running,84.4,Healthy,Normal
2026-07-14 18:47:04,11.9,60.6,61.3,63896670720,54684320256,59964939,2663011471,603718,755435,287,34253,Running,85.1,Healthy,Normal
2026-07-14 18:47:10,13.5,60.5,61.3,63902179840,54737764864,60831779,2702643793,616511,770706,287,34259,Running,86.0,Healthy,Normal
2026-07-14 18:47:16,13.6,60.5,61.3,63902691840,54774702592,61694435,2742380465,629461,786004,287,34265,Running,86.4,Healthy,Normal
2026-07-14 18:47:22,11.6,60.4,61.3,63904100864,54820180480,62445505,2782045639,640977,799574,287,34271,Running,86.3,Healthy,Normal
2026-07-14 18:47:28,13.6,60.4,61.3,63905780224,54859977216,63267430,2821640450,653590,814426,287,34277,Running,86.5,Healthy,Normal
2026-07-14 18:47:34,13.6,60.3,61.3,63909106176,54908498432,64124819,2861295962,666528,829410,286,34283,Running,86.3,Healthy,Normal
2026-07-14 18:47:40,13.0,60.3,61.4,63911580160,54947492352,64921311,2900853470,678583,843310,286,34289,Running,84.4,Healthy,Normal
2026-07-14 18:47:46,11.9,60.5,61.4,63913193984,54985572864,65786454,2940396140,691062,857687,288,34295,Running,85.6,Healthy,Normal
2026-07-14 18:47:52,14.3,60.9,61.4,63916622336,55036633600,66852757,2979992617,703124,872055,288,34301,Running,82.7,Healthy,Normal
2026-07-14 18:47:58,17.2,60.8,61.4,63917900288,55075435008,67740645,3019591287,714623,885485,288,34307,Running,84.3,Healthy,Normal
2026-07-14 18:48:04,15.3,60.8,61.4,63918653952,55120409088,68578855,3059198944,727181,900029,288,34313,Running,84.8,Healthy,Normal
2026-07-14 18:48:11,15.1,60.8,61.4,63919747584,55158981120,69377694,3098716035,739319,914049,288,34319,Running,83.4,Healthy,Normal
2026-07-14 18:48:17,13.3,57.7,61.5,63922598400,55234933248,70238385,3138314049,752100,928986,288,34325,Running,82.8,Healthy,Normal
2026-07-14 18:48:23,14.0,57.6,61.5,63926329856,55285731840,71070764,3177921721,764906,944156,288,34331,Running,86.4,Healthy,Normal
2026-07-14 18:48:29,10.4,57.9,61.5,63928264192,55323558400,71934406,3217531254,777516,958860,288,34337,Running,86.5,Healthy,Normal
2026-07-14 18:48:35,13.4,57.7,61.5,63930811904,55372038656,72762984,3257106558,790057,973353,288,34343,Running,85.3,Healthy,Normal
2026-07-14 18:48:41,21.0,57.5,61.5,63932241408,55410496000,73596909,3296703188,802651,988027,288,34349,Running,84.8,Healthy,Normal
2026-07-14 18:48:47,16.0,57.9,61.5,63934252544,55449735680,74670191,3336387815,814972,1002888,288,34355,Running,82.6,Healthy,Normal
2026-07-14 18:48:53,17.4,58.1,61.5,63936124416,55497671168,75631213,3375972486,827103,1017238,288,34361,Running,80.3,Healthy,Normal
2026-07-14 18:48:59,13.9,57.9,61.6,63938549248,55537238528,76394058,3415884134,839274,1031544,288,34367,Running,84.6,Healthy,Normal
2026-07-14 18:49:05,14.8,57.8,61.6,63942686208,55584903680,77268860,3455453728,852201,1046670,288,34373,Running,85.9,Healthy,Normal
2026-07-14 18:49:11,16.3,57.8,61.6,63944303104,55627746816,78027985,3495028260,864408,1061141,288,34379,Running,83.7,Healthy,Normal
2026-07-14 18:49:17,16.0,57.8,61.6,63945744896,55674437120,78810738,3534640402,876829,1075854,288,34385,Running,84.0,Healthy,Normal
2026-07-14 18:49:23,14.4,57.8,61.6,63947796992,55712710144,79619443,3574259893,889262,1090470,288,34391,Running,83.8,Healthy,Normal
2026-07-14 18:49:29,17.2,57.9,61.6,63949771264,55750266368,80436303,3613821823,901640,1104953,288,34397,Running,82.6,Healthy,Normal
2026-07-14 18:49:35,16.4,58.0,61.6,63961936384,55804493312,81217268,3653552363,914121,1119324,288,34403,Running,82.0,Healthy,Normal
2026-07-14 18:49:41,17.9,57.8,61.7,63963447808,55841009152,82013393,3692959476,926462,1133621,288,34409,Running,84.8,Healthy,Normal
2026-07-14 18:49:47,16.0,57.5,61.7,63964332544,55889145344,82816376,3732677189,939249,1148380,288,34415,Running,83.1,Healthy,Normal
2026-07-14 18:49:53,20.3,57.5,61.7,63966134784,55931584000,83630239,3772730496,952147,1163653,289,34421,Running,82.1,Healthy,Normal
2026-07-14 18:49:59,17.7,57.5,61.7,63969407488,55980060160,84434389,3812352012,964632,1178265,289,34427,Running,83.1,Healthy,Normal
2026-07-14 18:50:05,17.0,57.4,61.7,63970402816,56017088000,85264763,3851631850,977343,1192933,289,34433,Running,83.0,Healthy,Normal
2026-07-14 18:50:11,19.6,57.3,61.7,63973466624,56056712704,86114053,3891562618,990310,1207974,289,34439,Running,84.0,Healthy,Normal
2026-07-14 18:50:17,15.7,57.3,61.8,63975604736,56103112192,86974412,3930644948,1003217,1223041,288,34445,Running,83.3,Healthy,Normal
2026-07-14 18:50:23,11.6,57.3,61.8,63981277696,56139410944,87510226,3963193358,1011232,1232167,288,34451,Running,82.7,Healthy,Normal
2026-07-14 18:50:29,12.9,57.2,61.8,63983129088,56179154432,87950714,3995205785,1017715,1239632,288,34457,Running,87.6,Healthy,Normal
2026-07-14 18:50:35,14.4,57.2,61.8,63984525824,56217193984,88777899,4034959075,1030643,1254744,288,34463,Running,85.4,Healthy,Normal
2026-07-14 18:50:41,12.1,57.2,61.8,63985447424,56256818688,89612044,4074296519,1043283,1269452,288,34469,Running,87.9,Healthy,Normal
2026-07-14 18:50:47,13.0,57.2,61.8,63987491328,56304696832,90366378,4114027721,1055686,1284221,287,34476,Running,84.3,Healthy,Normal
2026-07-14 18:50:53,10.7,57.2,61.8,63988609536,56341298688,91208523,4153537415,1068326,1298841,287,34482,Running,85.5,Healthy,Normal
2026-07-14 18:50:59,19.6,57.2,61.9,63991738880,56383737344,91667658,4186516457,1075316,1306919,287,34488,Running,86.6,Healthy,Normal
2026-07-14 18:51:05,15.6,57.2,61.9,63993221632,56421703168,92467634,4226088927,1087973,1321679,287,34494,Running,83.6,Healthy,Normal
2026-07-14 18:51:11,11.9,57.1,61.9,63994335744,56459283968,93273951,4265720449,1100597,1336331,287,34500,Running,84.1,Healthy,Normal
2026-07-14 18:51:17,15.4,57.1,61.9,63995847168,56505708032,94136380,4305296403,1113485,1351287,287,34506,Running,86.6,Healthy,Normal
2026-07-14 18:51:23,11.6,57.1,61.9,63998431744,56545357312,95007112,4344964170,1126515,1366676,287,34512,Running,86.2,Healthy,Normal
2026-07-14 18:51:29,11.4,57.0,61.9,63999382016,56594914816,95828351,4384582289,1139447,1381915,287,34518,Running,87.6,Healthy,Normal
2026-07-14 18:51:35,11.5,57.0,61.9,64001913344,56633294336,96700667,4424235237,1152703,1397360,287,34524,Running,89.3,Healthy,Normal
2026-07-14 18:51:41,13.6,57.0,62.0,64005693952,56682155520,97487636,4463811168,1165070,1411684,287,34530,Running,87.1,Healthy,Normal
2026-07-14 18:51:47,9.9,57.1,62.0,64007275008,56720977408,98343224,4503437501,1178293,1427361,287,34536,Running,87.7,Healthy,Normal
2026-07-14 18:51:53,13.2,57.0,62.0,64009212928,56759332352,99109801,4542983234,1190526,1441698,287,34542,Running,88.3,Healthy,Normal
2026-07-14 18:51:59,12.0,56.9,62.0,64009753600,56805879296,99957695,4582602230,1203645,1456767,287,34548,Running,88.7,Healthy,Normal
2026-07-14 18:52:05,11.3,56.9,62.0,64011576320,56842153472,100788011,4622156296,1216115,1471180,287,34554,Running,87.4,Healthy,Normal
2026-07-14 18:52:11,12.4,56.9,62.0,64013317120,56893464064,101624659,4661793326,1229077,1486328,287,34560,Running,88.8,Healthy,Normal
2026-07-14 18:52:18,12.5,56.9,62.1,64014693376,56931593728,102441421,4701418857,1241830,1501209,287,34566,Running,86.4,Healthy,Normal
2026-07-14 18:52:24,13.6,56.9,62.1,64015647744,56966954496,103301992,4740412562,1254637,1515906,287,34572,Running,88.5,Healthy,Normal
2026-07-14 18:52:30,12.2,56.9,62.1,64019698688,57015156224,104183604,4780018675,1267731,1531031,287,34578,Running,88.0,Healthy,Normal
2026-07-14 18:52:36,13.0,57.0,62.1,64022471680,57054531072,105046261,4819678775,1280789,1546184,288,34584,Running,85.9,Healthy,Normal
2026-07-14 18:52:42,13.3,56.9,62.1,64023884800,57102073344,105799649,4859151890,1292638,1559885,288,34590,Running,87.3,Healthy,Normal
2026-07-14 18:52:48,11.6,57.0,62.1,64026522624,57141190144,106567126,4898669261,1304315,1573196,288,34596,Running,88.0,Healthy,Normal
2026-07-14 18:52:54,12.4,57.0,62.1,64028541952,57191185920,107370237,4938201992,1316538,1587083,288,34602,Running,87.7,Healthy,Normal
2026-07-14 18:53:00,16.3,57.0,62.2,64029946880,57229188608,108124047,4977761642,1328363,1600689,288,34608,Running,87.0,Healthy,Normal
2026-07-14 18:53:06,10.6,57.0,62.2,64033100800,57268809216,108869229,5017376368,1339904,1614102,288,34614,Running,88.1,Healthy,Normal
2026-07-14 18:53:12,15.8,57.0,62.2,64044033024,57327042048,109718521,5056995748,1352729,1629259,288,34620,Running,84.4,Healthy,Normal
2026-07-14 18:53:18,10.3,54.4,62.2,64045069312,57365069312,110614391,5096601790,1365700,1644469,288,34626,Running,82.2,Healthy,Normal
2026-07-14 18:53:24,17.5,54.6,62.2,64047150080,57414921728,111572029,5136152316,1378070,1659129,288,34632,Running,85.1,Healthy,Normal
2026-07-14 18:53:30,28.7,55.1,62.2,64048514048,57451326976,112545646,5175675685,1390639,1673758,288,34638,Running,79.4,Healthy,Normal
2026-07-14 18:53:36,17.4,55.1,62.2,64048907264,57497980416,113469575,5215243164,1402796,1688045,288,34644,Running,79.5,Healthy,Normal
2026-07-14 18:53:42,13.5,55.3,62.3,64049857536,57535135232,114192363,5254736923,1413917,1700919,288,34650,Running,81.3,Healthy,Normal
2026-07-14 18:53:48,17.1,55.2,62.3,64050861056,57571593728,114993499,5294287213,1426294,1715173,288,34656,Running,82.8,Healthy,Normal
2026-07-14 18:53:54,15.0,55.0,62.3,64052220928,57618808320,115691547,5333833055,1437854,1728764,288,34662,Running,83.1,Healthy,Normal
2026-07-14 18:54:00,17.2,55.0,62.3,64054744064,57657212416,116499304,5373406984,1450143,1743004,288,34668,Running,84.6,Healthy,Normal
2026-07-14 18:54:06,17.5,54.9,62.3,64056321024,57704246784,117332768,5412981666,1462645,1757516,288,34674,Running,82.6,Healthy,Normal
2026-07-14 18:54:12,14.3,55.0,62.3,64058483712,57745513984,118171193,5452629781,1475396,1772430,288,34680,Running,82.3,Healthy,Normal
2026-07-14 18:54:18,14.3,55.0,62.4,64059581440,57783909888,118973195,5492214509,1487855,1786912,288,34686,Running,86.0,Healthy,Normal
2026-07-14 18:54:24,14.8,55.3,62.4,64071126016,57831099904,119768778,5531885146,1500400,1801606,288,34692,Running,84.5,Healthy,Normal
2026-07-14 18:54:30,11.4,55.1,62.4,64077470208,57869204992,120550330,5571487865,1512919,1816506,288,34698,Running,85.3,Healthy,Normal
2026-07-14 18:54:36,11.2,55.0,62.4,64081242624,57917672960,121315480,5611235132,1525259,1831028,288,34704,Running,86.7,Healthy,Normal
2026-07-14 18:54:42,14.5,54.9,62.4,64083651072,57954881024,122167489,5650941152,1538176,1846169,288,34710,Running,86.9,Healthy,Normal
2026-07-14 18:54:48,11.7,54.9,62.4,64087271936,58004741632,123002925,5690559889,1551070,1861638,288,34716,Running,86.4,Healthy,Normal
2026-07-14 18:54:54,11.6,54.9,62.4,64095144448,58050489856,123856659,5730145245,1564331,1877362,289,34722,Running,85.7,Healthy,Normal
2026-07-14 18:55:00,10.6,54.9,62.5,64099879424,58092858880,124702139,5769753487,1577246,1892356,288,34728,Running,86.1,Healthy,Normal
2026-07-14 18:55:06,17.2,55.0,62.5,64106058240,58144984576,125457181,5809309269,1589242,1906666,288,34735,Running,83.6,Healthy,Normal
2026-07-14 18:55:12,13.0,55.0,62.5,64106508800,58181844480,126273252,5848998937,1601948,1921601,287,34741,Running,85.9,Healthy,Normal
2026-07-14 18:55:18,13.7,54.9,62.5,64107348480,58227830272,127091388,5888783121,1614666,1936613,287,34747,Running,86.5,Healthy,Normal
2026-07-14 18:55:24,15.9,55.0,62.5,64109969920,58266926592,127915088,5928466718,1627292,1951342,287,34753,Running,84.1,Healthy,Normal
2026-07-14 18:55:30,13.7,55.0,62.5,64111440384,58313354752,128714101,5968094310,1640256,1966732,287,34759,Running,86.4,Healthy,Normal
2026-07-14 18:55:36,14.4,55.0,62.5,64111895040,58350476800,129527691,6007748358,1652925,1981712,287,34765,Running,85.1,Healthy,Normal
2026-07-14 18:55:42,14.3,55.0,62.6,64114061824,58391563776,130292442,6047369822,1665311,1996184,287,34771,Running,84.4,Healthy,Normal
2026-07-14 18:55:48,15.6,55.0,62.6,64118047232,58439810560,131112375,6087001474,1678172,2011329,287,34777,Running,85.0,Healthy,Normal
2026-07-14 18:55:54,12.3,55.1,62.6,64119476736,58477309440,131923086,6126718955,1690933,2026126,287,34783,Running,84.5,Healthy,Normal
2026-07-14 18:56:00,13.6,55.1,62.6,64122733056,58525998592,132655295,6166375871,1703125,2040539,287,34789,Running,85.7,Healthy,Normal
2026-07-14 18:56:06,12.5,55.1,62.6,64123208192,58563280384,133442314,6205970173,1715669,2055312,287,34795,Running,86.0,Healthy,Normal
2026-07-14 18:56:13,12.3,55.2,62.6,64125972992,58601967104,134273155,6245622542,1728442,2070127,287,34801,Running,86.1,Healthy,Normal
2026-07-14 18:56:19,18.9,54.6,62.7,64128745984,58650271232,135047888,6285259396,1740879,2084627,287,34807,Running,84.2,Healthy,Normal
2026-07-14 18:56:25,15.4,54.7,62.7,64129794560,58689670656,135850003,6324855205,1753432,2099212,287,34813,Running,87.0,Healthy,Normal
2026-07-14 18:56:31,16.1,54.6,62.7,64132305408,58736877056,136641580,6364079563,1765531,2113296,287,34819,Running,85.6,Healthy,Normal
2026-07-14 18:56:37,13.1,54.6,62.7,64133243392,58774388224,137474753,6403883975,1778448,2128491,287,34825,Running,86.9,Healthy,Normal
2026-07-14 18:56:43,18.6,54.6,62.7,64138035712,58824785408,138292680,6443273800,1791380,2143851,287,34831,Running,84.1,Healthy,Normal
2026-07-14 18:56:49,15.4,54.5,62.7,64139739648,58861444608,139152370,6483144982,1804262,2158742,287,34837,Running,84.5,Healthy,Normal
2026-07-14 18:56:55,14.1,54.5,62.7,64140382720,58899353088,139858875,6522722500,1815737,2172560,287,34843,Running,85.2,Healthy,Normal
2026-07-14 18:57:01,12.3,54.5,62.8,64141308416,58945113600,140633414,6562346005,1828453,2187723,287,34849,Running,85.0,Healthy,Normal
2026-07-14 18:57:07,9.7,54.5,62.8,64141558272,58981129728,141377237,6601981074,1840768,2202305,287,34855,Running,86.1,Healthy,Normal
2026-07-14 18:57:13,15.0,54.5,62.8,64142148096,59029364224,142211094,6641583530,1853548,2217175,287,34861,Running,84.7,Healthy,Normal
2026-07-14 18:57:19,12.7,54.5,62.8,64142365184,59063922176,143060390,6681234453,1866173,2231662,287,34867,Running,86.0,Healthy,Normal
2026-07-14 18:57:25,12.4,54.5,62.8,64142639616,59101335040,143857173,6720829899,1878564,2246158,287,34873,Running,86.4,Healthy,Normal
2026-07-14 18:57:31,10.3,54.4,62.8,64142979584,59146939904,144653436,6760475935,1890759,2260122,287,34879,Running,86.6,Healthy,Normal
2026-07-14 18:57:37,14.1,54.5,62.9,64143229440,59181305344,145488093,6800045475,1903386,2274639,287,34885,Running,85.1,Healthy,Normal
2026-07-14 18:57:43,14.3,54.5,62.9,64144630272,59228888576,146288714,6839653352,1915758,2288925,287,34891,Running,86.4,Healthy,Normal
2026-07-14 18:57:49,13.2,54.5,62.9,64148554240,59268464128,147081747,6879320764,1928399,2303917,286,34897,Running,85.0,Healthy,Normal
2026-07-14 18:57:55,13.4,54.4,62.9,64149078528,59317198336,147876264,6918679677,1940883,2318549,286,34903,Running,85.2,Healthy,Normal
2026-07-14 18:58:01,12.6,54.6,62.9,64150233600,59353095680,148699146,6958568363,1953718,2333497,286,34909,Running,86.3,Healthy,Normal
2026-07-14 18:58:07,11.9,54.7,62.9,64151020032,59389959680,149522945,6997806459,1966319,2348337,286,34915,Running,87.1,Healthy,Normal
2026-07-14 18:58:13,15.2,54.7,62.9,64152347136,59435421184,150387174,7037824117,1979092,2363242,286,34921,Running,84.2,Healthy,Normal
2026-07-14 18:58:19,13.8,53.6,63.0,64153432576,59482885632,151253624,7077377472,1992135,2378327,286,34927,Running,85.1,Healthy,Normal
2026-07-14 18:58:25,13.7,53.6,63.0,64159052288,59535355392,152051166,7117069968,2004655,2392968,286,34933,Running,84.2,Healthy,Normal
2026-07-14 18:58:31,14.6,53.6,63.0,64159220224,59572383232,152875472,7156676875,2017605,2408045,286,34939,Running,84.0,Healthy,Normal
2026-07-14 18:58:37,12.5,53.7,63.0,64159498752,59607748096,153737533,7196322568,2030700,2423265,286,34945,Running,85.9,Healthy,Normal
2026-07-14 19:00:31,11.4,54.0,60.2,64477986816,59897900544,159001761,7462101005,2109403,2520800,286,35059,Running,87.6,Healthy,Normal
2026-07-14 19:00:37,6.8,54.0,60.2,64479145984,59899018752,159011894,7462103589,2109415,2520816,286,35065,Running,93.1,Healthy,Normal
2026-07-14 19:00:43,5.4,54.0,60.2,64479248384,59900096000,159015423,7462106592,2109420,2520828,286,35071,Running,94.8,Healthy,Normal
2026-07-14 19:00:49,4.5,54.1,60.2,64481226752,60165504512,159028816,7462110175,2109432,2520850,287,35077,Running,92.9,Healthy,Normal
2026-07-14 19:00:55,14.0,54.2,60.2,64481677312,60607032832,159032349,7462110673,2109437,2520857,287,35083,Running,90.9,Healthy,Normal
2026-07-14 19:01:01,11.7,54.2,60.2,64481746944,60962762240,159038926,7462114444,2109442,2520873,287,35089,Running,91.0,Healthy,Normal
2026-07-14 19:01:07,5.9,54.2,60.2,64481812480,61404040704,159042784,7462117823,2109452,2520891,287,35095,Running,91.8,Healthy,Normal
2026-07-14 19:01:13,9.9,54.8,60.3,64481882112,61828197888,159053600,7462124101,2109464,2520910,287,35101,Running,91.1,Healthy,Normal
2026-07-14 19:01:19,5.8,54.6,60.2,64481955840,62198537728,159088365,7462137613,2109532,2520990,287,35107,Running,87.3,Healthy,Normal
2026-07-14 19:01:25,10.7,54.6,60.2,64482312192,62552415744,159138980,7462157188,2109585,2521075,287,35113,Running,89.8,Healthy,Normal
2026-07-14 19:01:31,13.8,55.0,60.2,64483058688,62905699840,159496524,7462303722,2109702,2521395,287,35119,Running,86.5,Healthy,Normal
2026-07-14 19:01:37,9.0,55.6,60.3,64486480384,63340473856,159688908,7462361332,2109783,2521566,288,35125,Running,88.2,Healthy,Normal
2026-07-14 19:01:43,5.7,54.9,60.2,64486615552,63704165888,159724216,7462366623,2109793,2521604,288,35131,Running,92.2,Healthy,Normal
2026-07-14 19:01:49,8.5,54.9,60.2,64486881792,64057941504,159752024,7462371686,2109816,2521639,288,35137,Running,90.1,Healthy,Normal
2026-07-14 19:01:55,6.2,54.9,60.2,64487098880,64410955264,159755645,7462374763,2109822,2521652,288,35143,Running,92.5,Healthy,Normal
2026-07-14 19:02:01,11.7,54.7,60.2,64487426560,64764075520,159797929,7462382926,2109837,2521701,287,35149,Running,88.5,Healthy,Normal
2026-07-14 19:02:07,11.3,54.1,60.2,64487508480,65117404672,159802999,7462384053,2109851,2521716,287,35155,Running,88.8,Healthy,Normal
2026-07-14 19:02:13,13.8,54.8,60.3,64487717376,65558773248,159813870,7462390681,2109864,2521736,287,35161,Running,90.2,Healthy,Normal
2026-07-14 19:02:19,7.7,54.0,60.2,64487889408,65912090112,159817394,7462393186,2109869,2521747,287,35167,Running,93.0,Healthy,Normal
2026-07-14 19:02:25,5.8,53.6,60.2,64487889408,66265140736,159821231,7462396593,2109878,2521765,287,35173,Running,93.7,Healthy,Normal
2026-07-14 19:02:31,5.4,53.6,60.2,64487971328,66621316608,159855479,7462403686,2109903,2521811,287,35179,Running,93.9,Healthy,Normal
2026-07-14 19:02:37,7.8,54.3,60.3,64488102400,67058511360,159859335,7462407292,2109912,2521827,287,35185,Running,90.3,Healthy,Normal
2026-07-14 19:02:43,11.7,53.9,60.2,64488346624,67415649792,159879990,7462413331,2109951,2521873,287,35191,Running,91.0,Healthy,Normal
2026-07-14 19:02:49,24.3,54.5,60.2,64489034752,67769552384,160090512,7462508939,2110023,2522046,288,35198,Running,85.0,Healthy,Normal
2026-07-14 19:02:55,13.7,54.6,60.2,64489537536,68123430400,160242768,7462850900,2110139,2522265,288,35204,Running,84.4,Healthy,Normal
2026-07-14 19:03:01,8.7,54.5,60.2,64489619456,68476898816,160441296,7462904524,2110213,2522459,288,35210,Running,87.4,Healthy,Normal
2026-07-14 19:03:07,6.9,54.5,60.2,64489955328,68834323968,160475222,7462996001,2110255,2522526,288,35216,Running,89.8,Healthy,Normal
2026-07-14 19:03:13,9.8,54.6,60.2,64490110976,69188230656,160497322,7463003486,2110272,2522558,288,35222,Running,91.5,Healthy,Normal
2026-07-14 19:03:19,10.1,55.1,60.3,64490192896,69604437504,160536905,7463007223,2110282,2522583,288,35228,Running,89.7,Healthy,Normal
2026-07-14 19:03:25,9.9,54.5,60.2,64490213376,69985500672,160540830,7463013255,2110292,2522605,288,35234,Running,89.3,Healthy,Normal
2026-07-14 19:03:31,12.1,54.7,60.2,64490356736,70339980800,160565323,7463022988,2110332,2522653,288,35240,Running,88.4,Healthy,Normal
2026-07-14 19:03:37,8.3,54.7,60.2,64490446848,70693015040,160579354,7463027946,2110361,2522689,288,35246,Running,91.3,Healthy,Normal
2026-07-14 19:03:43,10.5,55.2,60.3,64490582016,71107898880,160591367,7463034829,2110405,2522736,288,35252,Running,89.7,Healthy,Normal
2026-07-14 19:03:49,5.3,54.3,60.2,64490991616,71488806400,160598404,7463038847,2110415,2522759,288,35258,Running,91.1,Healthy,Normal
2026-07-14 19:03:55,5.2,54.3,60.2,64491718656,71930592768,160633656,7463051619,2110439,2522796,288,35264,Running,91.5,Healthy,Normal
2026-07-14 19:04:01,4.6,54.4,60.2,64492169216,72372329984,160640140,7463054391,2110443,2522808,288,35270,Running,90.7,Healthy,Normal
2026-07-14 19:04:07,8.5,54.6,60.2,64492488704,72725454336,160653824,7463066205,2110462,2522838,288,35276,Running,94.2,Healthy,Normal
2026-07-14 19:04:13,7.2,55.1,60.2,64493445120,73167191552,160667792,7463070478,2110474,2522853,289,35282,Running,87.5,Healthy,Normal
2026-07-14 19:04:19,7.3,55.1,60.2,64493563904,73523330560,160678646,7463079182,2110492,2522877,289,35288,Running,92.3,Healthy,Normal
2026-07-14 19:04:26,4.8,55.6,60.3,64493629440,73928674816,160701745,7463089110,2110524,2522924,289,35294,Running,93.6,Healthy,Normal
2026-07-14 19:04:32,8.0,54.9,60.2,64493843968,74318806528,160705324,7463090286,2110530,2522932,289,35300,Running,92.8,Healthy,Normal
2026-07-14 19:04:38,4.2,54.7,60.2,64493995520,74672156160,160718004,7463101443,2110555,2522961,288,35306,Running,94.1,Healthy,Normal
2026-07-14 19:04:44,4.2,54.4,60.2,64494130688,75113872896,160724901,7463103100,2110563,2522972,288,35312,Running,91.0,Healthy,Normal
2026-07-14 19:04:50,7.6,54.4,60.2,64494310912,75467173376,160731785,7463104537,2110571,2522983,288,35318,Running,93.3,Healthy,Normal
2026-07-14 19:04:56,6.8,54.4,60.2,64494396928,75820580352,160738102,7463114146,2110591,2523002,288,35324,Running,91.8,Healthy,Normal
2026-07-14 19:05:02,12.4,54.9,60.3,64494720512,76186840576,160763878,7463120338,2110617,2523044,288,35330,Running,89.2,Healthy,Normal
2026-07-14 19:05:08,8.4,54.4,60.2,64494818816,76617915904,160767660,7463122348,2110625,2523057,288,35336,Running,90.6,Healthy,Normal
2026-07-14 19:05:14,5.7,54.2,60.2,64494835200,76971126272,160778551,7463127059,2110639,2523073,288,35342,Running,93.8,Healthy,Normal
2026-07-14 19:05:20,7.0,54.2,60.2,64495015424,77324295680,160782075,7463129091,2110644,2523082,288,35348,Running,92.5,Healthy,Normal
2026-07-14 19:05:26,4.4,54.3,60.2,64495101440,77765901824,160788836,7463130800,2110656,2523097,288,35354,Running,93.2,Healthy,Normal
2026-07-14 19:05:32,5.3,54.2,60.2,64495117824,78207540736,160804619,7463134231,2110668,2523121,288,35360,Running,94.9,Healthy,Normal
2026-07-14 19:05:38,5.4,54.2,60.2,64495183360,78560701952,160808890,7463137501,2110680,2523138,288,35366,Running,95.3,Healthy,Normal
2026-07-14 19:05:44,5.3,54.2,60.2,64495379968,79001959936,160812409,7463138651,2110685,2523148,288,35372,Running,95.4,Healthy,Normal
2026-07-14 19:05:50,4.3,54.2,60.2,64495429120,79443258880,160819372,7463141438,2110692,2523162,288,35378,Running,95.2,Healthy,Normal
2026-07-14 19:05:56,3.7,54.2,60.2,64495531520,79887310336,160844482,7463143256,2110701,2523171,288,35384,Running,94.5,Healthy,Normal
2026-07-14 19:06:02,3.0,54.8,60.3,64495535616,80255991296,160848315,7463145562,2110706,2523186,288,35390,Running,94.9,Healthy,Normal
2026-07-14 19:06:08,4.0,54.2,60.2,64495715840,80681852416,160856889,7463151571,2110720,2523205,288,35396,Running,95.4,Healthy,Normal
2026-07-14 19:06:14,4.1,54.2,60.2,64495715840,81123974656,160874853,7463166142,2110743,2523240,288,35402,Running,94.8,Healthy,Normal
2026-07-14 19:06:20,5.8,54.2,60.2,64495715840,81565339136,160878376,7463167956,2110748,2523249,288,35408,Running,94.7,Healthy,Normal
2026-07-14 19:06:26,4.8,54.8,60.3,64495953408,81987948032,160882213,7463171350,2110757,2523267,288,35414,Running,94.6,Healthy,Normal
2026-07-14 19:06:32,5.6,54.2,60.2,64495953408,82360581632,160885650,7463173834,2110761,2523279,288,35420,Running,95.0,Healthy,Normal
2026-07-14 19:06:38,4.8,54.2,60.2,64496432640,82801761792,160889452,7463175764,2110769,2523290,288,35426,Running,95.3,Healthy,Normal
2026-07-14 19:06:44,5.2,53.6,60.2,64496838144,83246026240,160893003,7463178900,2110774,2523303,288,35432,Running,91.8,Healthy,Normal
2026-07-14 19:06:50,8.1,54.7,60.3,64497190400,83599351296,160925698,7463192178,2110826,2523371,288,35438,Running,91.9,Healthy,Normal
2026-07-14 19:06:56,7.8,54.1,60.2,64497321472,84040543744,160962016,7463229448,2110902,2523455,288,35444,Running,92.5,Healthy,Normal
2026-07-14 19:07:02,6.5,53.9,60.2,64497575424,84393750016,160989594,7463234865,2110921,2523492,288,35450,Running,91.8,Healthy,Normal
2026-07-14 19:07:08,13.0,54.3,60.2,64498107392,84747615744,161161946,7463318217,2110977,2523629,288,35456,Running,91.6,Healthy,Normal
2026-07-14 19:07:14,11.8,55.1,60.3,64498107392,85108612608,161341613,7463393000,2111069,2523819,288,35462,Running,87.6,Healthy,Normal
2026-07-14 19:07:20,5.4,54.7,60.2,64498136064,85542329856,161550829,7463436809,2111124,2523988,288,35469,Running,88.1,Healthy,Normal
2026-07-14 19:07:26,4.5,54.6,60.2,64501723136,85895593472,161575558,7463443599,2111135,2524022,288,35475,Running,90.8,Healthy,Normal
2026-07-14 19:07:32,8.8,54.6,60.2,64501755904,86252228096,161579027,7463446032,2111139,2524032,288,35481,Running,90.8,Healthy,Normal
2026-07-14 19:07:38,5.8,54.6,60.2,64501755904,86605184512,161582829,7463449627,2111147,2524048,288,35487,Running,92.2,Healthy,Normal
2026-07-14 19:07:44,4.5,55.1,60.3,64502284288,87046721024,161617623,7463461657,2111182,2524102,288,35493,Running,92.5,Healthy,Normal
2026-07-14 19:07:50,7.7,54.5,60.2,64502476800,87400431104,161647982,7463468024,2111196,2524140,288,35499,Running,90.9,Healthy,Normal
2026-07-14 19:07:56,10.9,54.4,60.2,64502558720,87753649664,161662050,7463473337,2111219,2524175,288,35505,Running,90.1,Healthy,Normal
2026-07-14 19:08:02,7.4,54.8,60.2,64548935680,88107167232,161670658,7463482875,2111237,2524203,291,35511,Running,89.0,Healthy,Normal
2026-07-14 19:08:08,13.1,55.0,60.2,64549050368,88460946944,161678993,7463559663,2111264,2524241,291,35517,Running,91.4,Healthy,Normal
2026-07-14 19:08:14,5.3,54.8,60.2,64549464576,88902356992,161730719,7463573323,2111294,2524293,291,35523,Running,92.7,Healthy,Normal
2026-07-14 19:08:20,8.0,54.6,60.2,64549566976,89258565632,161734241,7463575789,2111299,2524304,291,35529,Running,91.0,Healthy,Normal
2026-07-14 19:08:26,10.8,54.2,60.2,64549632512,89612455936,161754330,7463583846,2111340,2524355,291,35535,Running,92.2,Healthy,Normal
2026-07-14 19:08:32,8.1,54.2,60.2,64549960192,89967063040,161758780,7463584906,2111349,2524365,291,35541,Running,92.7,Healthy,Normal
2026-07-14 19:08:39,13.2,55.1,60.3,64549992960,90324287488,161929058,7463665446,2111393,2524494,291,35547,Running,91.5,Healthy,Normal
2026-07-14 19:08:45,13.0,55.0,60.2,64550337024,90761707520,162149425,7463739857,2111476,2524674,291,35553,Running,86.7,Healthy,Normal
2026-07-14 19:08:51,11.1,54.9,60.2,64550562304,91115180032,162308839,7463781058,2111530,2524837,291,35559,Running,89.5,Healthy,Normal
2026-07-14 19:08:57,6.4,54.6,60.2,64550603264,91468787712,162334083,7463785358,2111552,2524869,291,35565,Running,92.9,Healthy,Normal
2026-07-14 19:09:03,6.1,54.3,60.2,64550640128,91822043136,162337554,7463786795,2111556,2524878,289,35571,Running,92.1,Healthy,Normal
2026-07-14 19:09:09,10.4,55.1,60.3,64550672896,92177166336,162341340,7463788931,2111564,2524892,289,35577,Running,91.4,Healthy,Normal
2026-07-14 19:09:15,5.6,54.9,60.3,64550758912,92616548352,162406917,7463801472,2111592,2524952,288,35583,Running,89.2,Healthy,Normal
2026-07-14 19:09:21,6.8,54.3,60.3,64550836736,92972830720,162423656,7463804716,2111602,2524977,288,35589,Running,93.6,Healthy,Normal
2026-07-14 19:09:27,8.0,54.6,60.3,64550836736,93326577664,162427406,7463806434,2111610,2524989,288,35595,Running,92.7,Healthy,Normal
2026-07-14 19:09:33,7.8,55.2,60.3,64550836736,93679816704,162430875,7463808055,2111614,2524996,287,35601,Running,92.7,Healthy,Normal
2026-07-14 19:09:39,5.2,54.6,60.3,64550836736,94121152512,162441639,7463813094,2111650,2525033,287,35607,Running,91.7,Healthy,Normal
2026-07-14 19:09:45,5.0,54.9,60.3,64550836736,94562672640,162482477,7463844417,2111709,2525106,287,35613,Running,94.8,Healthy,Normal
2026-07-14 19:09:51,4.3,54.3,60.3,64551115264,94917320704,162489850,7463847280,2111722,2525126,287,35619,Running,94.5,Healthy,Normal
2026-07-14 19:09:57,5.1,54.2,60.3,64551115264,95358427136,162493436,7463848312,2111728,2525132,287,35625,Running,95.1,Healthy,Normal
2026-07-14 19:10:03,4.4,54.2,60.3,64551115264,95799644160,162496960,7463850059,2111733,2525141,287,35631,Running,93.3,Healthy,Normal
2026-07-14 19:10:09,5.3,54.9,60.3,64551283200,96205807616,162500735,7463851254,2111741,2525154,287,35637,Running,95.1,Healthy,Normal
2026-07-14 19:10:15,14.4,54.4,60.3,64551455232,96597401600,162526525,7463859670,2111774,2525195,287,35643,Running,90.3,Healthy,Normal
2026-07-14 19:10:21,3.1,54.3,60.3,64551651840,97038680064,162530245,7463861915,2111782,2525209,287,35649,Running,93.0,Healthy,Normal
2026-07-14 19:10:27,5.4,54.3,60.2,64552012800,97480179712,162534050,7463863342,2111791,2525221,287,35655,Running,94.8,Healthy,Normal
2026-08-03 14:17:04,5.2,67.9,61.2,41746370048,21425991168,21823377,50901326,33291,53271,275,105322,Running,90.5,Healthy,Normal
2026-08-03 14:17:10,1.7,67.9,61.2,41751240192,21436276224,21852282,50904771,33303,53302,277,105328,Running,97.5,Healthy,Normal
2026-08-03 14:17:16,3.2,67.2,61.2,41751629312,21438627328,21857411,50906597,33317,53322,278,105334,Running,96.8,Healthy,Normal
2026-08-03 14:17:22,3.2,67.2,61.2,41751797248,21439991296,21868955,50924187,33345,53358,279,105340,Running,96.7,Healthy,Normal
2026-08-03 14:17:28,6.2,67.2,61.2,41757496320,21445225984,21885677,50969640,33386,53414,278,105346,Running,95.1,Healthy,Normal
2026-08-03 14:17:34,3.8,67.1,61.2,41759979008,21446966784,21927330,50980378,33420,53467,277,105352,Running,96.3,Healthy,Normal
2026-08-03 14:17:40,6.1,67.3,61.2,41781396992,21448322560,21945998,50998219,33469,53525,279,105358,Running,95.6,Healthy,Normal
2026-08-03 14:17:46,6.8,67.3,61.2,41783071744,21451910656,21946244,50998465,33472,53528,278,105364,Running,94.1,Healthy,Normal
2026-08-03 14:17:52,10.3,67.4,61.2,41783455232,21453815296,21955900,51020735,33497,53560,279,105370,Running,92.2,Healthy,Normal
2026-08-03 14:17:58,8.7,67.9,61.2,41792919040,21466086912,21978666,51027999,33525,53604,279,105376,Running,89.5,Healthy,Normal
2026-08-03 14:18:04,9.6,68.7,61.2,41797351424,21493255680,22019000,51046324,33617,53698,279,105382,Running,90.1,Healthy,Normal
2026-08-03 14:18:10,4.9,67.6,61.2,41797597184,21496684032,22056598,51052063,33657,53756,277,105388,Running,95.1,Healthy,Normal
2026-08-03 14:18:16,22.6,68.0,61.2,41812186112,21504151040,22092415,51060390,33694,53806,282,105394,Running,89.3,Healthy,Normal
